augmentation_policy,run_count,validation_macro_f1_mean,validation_macro_f1_std,validation_accuracy_mean,validation_accuracy_std,feature_dimension,parameter_count,training_time_seconds_mean,inference_time_ms_mean,selected_configuration,macro_f1_delta_vs_none
combined,3,0.71,0.028867513459481298,0.7166666666666667,0.028867513459481298,240,2410,0.023467800002739143,0.02475166669076619,True,0.04999999999999993
brightness,3,0.6834920634920635,0.02575980685645629,0.6833333333333332,0.028867513459481266,240,2410,0.024699933332158253,0.024371666465109836,False,0.023492063492063453
center_crop,3,0.6822222222222223,0.02834966849371802,0.6833333333333332,0.02886751345948121,240,2410,0.023765833330495905,0.027253333246335387,False,0.022222222222222254
jpeg_compression,3,0.6604761904761904,0.0,0.65,0.0,240,2410,0.022775733338979382,0.026389999887517963,False,0.0004761904761904079
none,3,0.66,0.0,0.65,0.0,240,2410,0.018376733336481266,0.024945000041043386,False,0.0
