run_id,experiment_id,strategy,seed,validation_macro_f1,validation_accuracy,pairwise_ranking_accuracy,three_way_ordering_accuracy,equal_pair_accuracy,equal_pair_threshold,parameter_count,inference_time_ms,feature_dimension,status
VIS003_ordinal_ridge_seed42,VIS-003,ordinal_ridge,42,0.8175515941473388,0.8166666666666667,0.8666666666666667,0.75,0.6,0.05,37,0.0034733333450276405,36,COMPLETED
VIS003_ordinal_ridge_seed43,VIS-003,ordinal_ridge,43,0.8175515941473388,0.8166666666666667,0.8666666666666667,0.75,0.6,0.05,37,0.002928333318171402,36,COMPLETED
VIS003_ordinal_ridge_seed44,VIS-003,ordinal_ridge,44,0.8175515941473388,0.8166666666666667,0.8666666666666667,0.75,0.6,0.05,37,0.002968333380219216,36,COMPLETED
VIS003_class_probability_expected_score_seed42,VIS-003,class_probability_expected_score,42,0.8175515941473388,0.8166666666666667,0.8833333333333333,0.8,0.6666666666666666,0.05,111,0.003615000120286519,36,COMPLETED
VIS003_class_probability_expected_score_seed43,VIS-003,class_probability_expected_score,43,0.8175515941473388,0.8166666666666667,0.8833333333333333,0.8,0.6666666666666666,0.05,111,0.0033099999806533256,36,COMPLETED
VIS003_class_probability_expected_score_seed44,VIS-003,class_probability_expected_score,44,0.8175515941473388,0.8166666666666667,0.8833333333333333,0.8,0.6666666666666666,0.05,111,0.0033783333492465317,36,COMPLETED
