true_label,count,mean,std,min,median,max
MATCH,20,0.7685076612629927,0.3998664006089918,0.009786920854821801,0.9906834855210036,0.9967895047739148
MISMATCH,20,0.0372844405064825,0.10814356718938693,0.00434382539242506,0.010754902963526547,0.4949404327198863
PARTIAL_MATCH,20,0.42533920834539457,0.2319178811493267,0.006699370918795466,0.4980251379311085,0.9567528814077377
