candidate_id,project_category,image_group_id,split,split_rank_within_category,repository_relative_path,sha256,split_seed,split_score,source_dataset_slug,source_dataset_root,source_split_ignored,test_locked,split_policy
kaggle_5dcba558fd83fc8f,alternator,kaggle50:alternator:kaggle_5dcba558fd83fc8f,train,1,data/images/dataset_v3/train/alternator/alternator_train_001_5dcba558fd83fc8f.jpg,5dcba558fd83fc8f34e69b5fe3f48ff171b97883c293a99d59f116b4e4373445,dataset-v3-split-v1,0031498f448ccfe23cf42cac12674ff3a5869afaad02040bd664f07321c82060,gpiosenka/car-parts-40-classes,car parts 50,train,False,deterministic_group_aware_60_10_10_original_source_split_ignored
kaggle_7f558e5c9dca70ab,alternator,kaggle50:alternator:kaggle_7f558e5c9dca70ab,train,2,data/images/dataset_v3/train/alternator/alternator_train_002_7f558e5c9dca70ab.jpg,7f558e5c9dca70ab83ca2b294efc0545d36add67e624c4e6e07f08497a2dbb81,dataset-v3-split-v1,05708e99ab709184634d859cdca08af69d4d24fb9dc8e62e178324222fe5d8f6,gpiosenka/car-parts-40-classes,car parts 50,train,False,deterministic_group_aware_60_10_10_original_source_split_ignored
kaggle_42410dfafcdf6a70,alternator,kaggle50:alternator:kaggle_42410dfafcdf6a70,train,3,data/images/dataset_v3/train/alternator/alternator_train_003_42410dfafcdf6a70.jpg,42410dfafcdf6a70ffa16a0eba4d37a54953a6cf0370dae7d2ab4df0bfaa9d8f,dataset-v3-split-v1,06fbbfcd7a3837de53bca3b80c973f87c00f5df8ac4f1d1a083b79b55dae7c90,gpiosenka/car-parts-40-classes,car parts 50,train,False,deterministic_group_aware_60_10_10_original_source_split_ignored
kaggle_fa66e000d762950c,alternator,kaggle50:alternator:kaggle_fa66e000d762950c,train,4,data/images/dataset_v3/train/alternator/alternator_train_004_fa66e000d762950c.jpg,fa66e000d762950c06833775c5abe127e4f200580a37f3aac797d2acbdc89672,dataset-v3-split-v1,0cbe513c82323e2d30a1863a5f57f7ce3c15d3c62a0145c7f207c7bad38f5a9e,gpiosenka/car-parts-40-classes,car parts 50,train,False,deterministic_group_aware_60_10_10_original_source_split_ignored
kaggle_20f479228818e7f1,alternator,kaggle50:alternator:kaggle_20f479228818e7f1,train,5,data/images/dataset_v3/train/alternator/alternator_train_005_20f479228818e7f1.jpg,20f479228818e7f14538d12b90e957abb9a12a6e9a40fea680fce8b591fa4eac,dataset-v3-split-v1,0dbb48acf8d05043760e2f380387e7eb757f5c45fb8a4c6d4ec78eba490396fb,gpiosenka/car-parts-40-classes,car parts 50,train,False,deterministic_group_aware_60_10_10_original_source_split_ignored
kaggle_5748436a19b73abd,alternator,kaggle50:alternator:kaggle_5748436a19b73abd,train,6,data/images/dataset_v3/train/alternator/alternator_train_006_5748436a19b73abd.jpg,5748436a19b73abdbac34ccdb9cae889b4b4d752403c1f8135543673259a1d89,dataset-v3-split-v1,0e182b042774e6025f5d8d7ba152bdf4f7a48bb84d76b892150ff1a9d068660a,gpiosenka/car-parts-40-classes,car parts 50,train,False,deterministic_group_aware_60_10_10_original_source_split_ignored
kaggle_719e0fe4675827d7,alternator,kaggle50:alternator:kaggle_719e0fe4675827d7,train,7,data/images/dataset_v3/train/alternator/alternator_train_007_719e0fe4675827d7.jpg,719e0fe4675827d7086e4ed467db689e37b79096b6208c732d5c172c7b0c1dc1,dataset-v3-split-v1,0e90cd2449855d7cd5f400ada225e35cf1e1738dc90b6f47644b6d26ded82440,gpiosenka/car-parts-40-classes,car parts 50,train,False,deterministic_group_aware_60_10_10_original_source_split_ignored
kaggle_a7732e0e1aacccba,alternator,kaggle50:alternator:kaggle_a7732e0e1aacccba,train,8,data/images/dataset_v3/train/alternator/alternator_train_008_a7732e0e1aacccba.jpg,a7732e0e1aacccba6fb14deeaa2b9294192250ed4f61ac1543e769f1eb72e778,dataset-v3-split-v1,100ce0e838ad77a96c963bcfe33ae4236a9a024dfd0d0a48f5f0beaa63fc39e3,gpiosenka/car-parts-40-classes,car parts 50,train,False,deterministic_group_aware_60_10_10_original_source_split_ignored
kaggle_241f281ebe9df49a,alternator,kaggle50:alternator:kaggle_241f281ebe9df49a,train,9,data/images/dataset_v3/train/alternator/alternator_train_009_241f281ebe9df49a.jpg,241f281ebe9df49af20781f0fb0b5f192af84f03e996df28f5af7e28a9417a42,dataset-v3-split-v1,12f183ca39d8991348f872482848c7238f8aa4ab7c9d1439ce3c16a8faa85cc1,gpiosenka/car-parts-40-classes,car parts 50,train,False,deterministic_group_aware_60_10_10_original_source_split_ignored
kaggle_35ba271850d98fa3,alternator,kaggle50:alternator:kaggle_35ba271850d98fa3,train,10,data/images/dataset_v3/train/alternator/alternator_train_010_35ba271850d98fa3.jpg,35ba271850d98fa3658208b93f270d8d709722023a37bed3947f689c14f776c2,dataset-v3-split-v1,13c3982d65825a8f17ef4e3b91fd071f52f51170a5dee1481388ccab7e0798fa,gpiosenka/car-parts-40-classes,car parts 50,train,False,deterministic_group_aware_60_10_10_original_source_split_ignored
kaggle_449df7b98af905f8,alternator,kaggle50:alternator:kaggle_449df7b98af905f8,train,11,data/images/dataset_v3/train/alternator/alternator_train_011_449df7b98af905f8.jpg,449df7b98af905f810895f326cfa7ea551db7cb0eabaa81e5c66d68bebdc41c6,dataset-v3-split-v1,143dc0d434f05041583efbf69100946287a89c6c90d4909af6ccc6485561c296,gpiosenka/car-parts-40-classes,car parts 50,train,False,deterministic_group_aware_60_10_10_original_source_split_ignored
kaggle_42625bcb413faf53,alternator,kaggle50:alternator:kaggle_42625bcb413faf53,train,12,data/images/dataset_v3/train/alternator/alternator_train_012_42625bcb413faf53.jpg,42625bcb413faf53f707137faf94cc081af0c2a60f333f483e0c75389c16c968,dataset-v3-split-v1,17fcf0b0d6acf11bfd8bd3fd9b8c76a6a40747b843ae358f777a1b68ceb92fd6,gpiosenka/car-parts-40-classes,car parts 50,train,False,deterministic_group_aware_60_10_10_original_source_split_ignored
kaggle_b554d918ab59e306,alternator,kaggle50:alternator:kaggle_b554d918ab59e306,train,13,data/images/dataset_v3/train/alternator/alternator_train_013_b554d918ab59e306.jpg,b554d918ab59e3060a45e30129d7bcbd515a6d115abc59a02434b909e52d0a78,dataset-v3-split-v1,23e5432dfc6aaa17fbdf6e91201139def1e8363ad20c8300ea55178f281f3c6b,gpiosenka/car-parts-40-classes,car parts 50,train,False,deterministic_group_aware_60_10_10_original_source_split_ignored
kaggle_b89d0cc66961d4d9,alternator,kaggle50:alternator:kaggle_b89d0cc66961d4d9,train,14,data/images/dataset_v3/train/alternator/alternator_train_014_b89d0cc66961d4d9.jpg,b89d0cc66961d4d933d6f42847b13a3429934ab7eeb6f465d57b4213bf36b778,dataset-v3-split-v1,2bf5317afbae774c2c16d2fadef2cc2a78c2dcf1b1c7c75f49e876c3bff94e19,gpiosenka/car-parts-40-classes,car parts 50,train,False,deterministic_group_aware_60_10_10_original_source_split_ignored
kaggle_65be9c68f4e2abc3,alternator,kaggle50:alternator:kaggle_65be9c68f4e2abc3,train,15,data/images/dataset_v3/train/alternator/alternator_train_015_65be9c68f4e2abc3.jpg,65be9c68f4e2abc3b7d334796b1cf8277cd094efff35a8fdcc6aa251d8e51167,dataset-v3-split-v1,2f1fa7ff487cca18fa467f7236a8937d8ef721a1dd23b1c86e805675b753fdcb,gpiosenka/car-parts-40-classes,car parts 50,train,False,deterministic_group_aware_60_10_10_original_source_split_ignored
kaggle_f62af73819dd97c4,alternator,kaggle50:alternator:kaggle_f62af73819dd97c4,train,16,data/images/dataset_v3/train/alternator/alternator_train_016_f62af73819dd97c4.jpg,f62af73819dd97c4cbbd49d1f44945f44182074172f0ef1921de753aff1f684e,dataset-v3-split-v1,2ffc732169e551f17bd7dac5fea26fb1aaec223d1edd02924b45d8ced8fba9a4,gpiosenka/car-parts-40-classes,car parts 50,train,False,deterministic_group_aware_60_10_10_original_source_split_ignored
kaggle_5a06b4aa8a25e559,alternator,kaggle50:alternator:kaggle_5a06b4aa8a25e559,train,17,data/images/dataset_v3/train/alternator/alternator_train_017_5a06b4aa8a25e559.jpg,5a06b4aa8a25e5593d41d66bdf7e571e0137af6ba6b3d2a38e31225db97ce9b9,dataset-v3-split-v1,30bb869b233873a90f91fbe89557063295b8c164aabddbbf1cf60d483dacc84d,gpiosenka/car-parts-40-classes,car parts 50,train,False,deterministic_group_aware_60_10_10_original_source_split_ignored
kaggle_e37d4f68f219ba8e,alternator,kaggle50:alternator:kaggle_e37d4f68f219ba8e,train,18,data/images/dataset_v3/train/alternator/alternator_train_018_e37d4f68f219ba8e.jpg,e37d4f68f219ba8e5ec09ce80f12478aa584413bc2e7eec03ce6698706170740,dataset-v3-split-v1,312ab474163c6ad517dd5e8e792d47f6a87c970085acffa18fe24be2b55654cd,gpiosenka/car-parts-40-classes,car parts 50,train,False,deterministic_group_aware_60_10_10_original_source_split_ignored
kaggle_cc09b700fe1ca710,alternator,kaggle50:alternator:kaggle_cc09b700fe1ca710,train,19,data/images/dataset_v3/train/alternator/alternator_train_019_cc09b700fe1ca710.jpg,cc09b700fe1ca71066e25f9d8df96ffb2b6876ab9081f82652776463d8d7db86,dataset-v3-split-v1,392b52049dc3be2a6b35f3530be3cc2050b56be78354ec73e2ea8d906f0d1ee7,gpiosenka/car-parts-40-classes,car parts 50,train,False,deterministic_group_aware_60_10_10_original_source_split_ignored
kaggle_90e7591cbf64678d,alternator,kaggle50:alternator:kaggle_90e7591cbf64678d,train,20,data/images/dataset_v3/train/alternator/alternator_train_020_90e7591cbf64678d.jpg,90e7591cbf64678d6d6e14e518ebd327257817c77214e387fc08042766fa0c3e,dataset-v3-split-v1,3eab75a00af487a1e0a140a9ec287adaa86c98772a39171ee3b6fc317702e1c6,gpiosenka/car-parts-40-classes,car parts 50,train,False,deterministic_group_aware_60_10_10_original_source_split_ignored
kaggle_d542e7c55eb38031,alternator,kaggle50:alternator:kaggle_d542e7c55eb38031,train,21,data/images/dataset_v3/train/alternator/alternator_train_021_d542e7c55eb38031.jpg,d542e7c55eb380316c602fe23d5e7f000d964373260ea482befdaec0509e74ce,dataset-v3-split-v1,404741682dd8fd65b6be9e2512d45870c419f1d7b7764d7ec97e4992fb19fc74,gpiosenka/car-parts-40-classes,car parts 50,train,False,deterministic_group_aware_60_10_10_original_source_split_ignored
kaggle_4a92ef1471fe627b,alternator,kaggle50:alternator:kaggle_4a92ef1471fe627b,train,22,data/images/dataset_v3/train/alternator/alternator_train_022_4a92ef1471fe627b.jpg,4a92ef1471fe627b24c8ce6d2f555952a2bbb0e7b55c99b425b9da57e48ea938,dataset-v3-split-v1,45abb73df68dc106945616f5808c92584f1838798905750d91ae6178da9bf1e1,gpiosenka/car-parts-40-classes,car parts 50,train,False,deterministic_group_aware_60_10_10_original_source_split_ignored
kaggle_6051dada7bd0ea36,alternator,kaggle50:alternator:kaggle_6051dada7bd0ea36,train,23,data/images/dataset_v3/train/alternator/alternator_train_023_6051dada7bd0ea36.jpg,6051dada7bd0ea36a5ede5966e97beb815eb65808be685bc4268cc9d3792d499,dataset-v3-split-v1,4963a0e6ff19141c8ae981045daa125a70d8eb98aa31110d5ac6414a66c5b6f8,gpiosenka/car-parts-40-classes,car parts 50,train,False,deterministic_group_aware_60_10_10_original_source_split_ignored
kaggle_d24f9c3e9d7864db,alternator,kaggle50:alternator:kaggle_d24f9c3e9d7864db,train,24,data/images/dataset_v3/train/alternator/alternator_train_024_d24f9c3e9d7864db.jpg,d24f9c3e9d7864dbe4f85a3d50e3fb5bae3567c3854ae86f53b7f2a5676e61c5,dataset-v3-split-v1,4e8937159875898cdf51bda65bbc5f210d2ba778e36e8ec932e2339b6f88ba7f,gpiosenka/car-parts-40-classes,car parts 50,train,False,deterministic_group_aware_60_10_10_original_source_split_ignored
kaggle_dabe9ce73561d015,alternator,kaggle50:alternator:kaggle_dabe9ce73561d015,train,25,data/images/dataset_v3/train/alternator/alternator_train_025_dabe9ce73561d015.jpg,dabe9ce73561d01597bd00ae4631a928f0e3a45a53ddf5afd5a69cda48e082a1,dataset-v3-split-v1,52d859d847b703823119e6816558376d69d3a77bd67da90f5c366ae67de8b57d,gpiosenka/car-parts-40-classes,car parts 50,train,False,deterministic_group_aware_60_10_10_original_source_split_ignored
kaggle_87380b82d87dd40f,alternator,kaggle50:alternator:kaggle_87380b82d87dd40f,train,26,data/images/dataset_v3/train/alternator/alternator_train_026_87380b82d87dd40f.jpg,87380b82d87dd40fa6bdb0b93d23d87fec8e1393c42a6bd3dff49772eabbd9b7,dataset-v3-split-v1,55a4e428ff102457be31cd4b5c2caf023b880cb73be5404839ec356bab610cba,gpiosenka/car-parts-40-classes,car parts 50,train,False,deterministic_group_aware_60_10_10_original_source_split_ignored
kaggle_9be335e7196ddebd,alternator,kaggle50:alternator:kaggle_9be335e7196ddebd,train,27,data/images/dataset_v3/train/alternator/alternator_train_027_9be335e7196ddebd.jpg,9be335e7196ddebd8748685d70f91f4b20f033f2880206b71f4aba231ce4f525,dataset-v3-split-v1,579a5647ed07ab714a2752cc3154f96dfa683b89317294b1809ce7a4775b170c,gpiosenka/car-parts-40-classes,car parts 50,train,False,deterministic_group_aware_60_10_10_original_source_split_ignored
kaggle_efb28ee81f12efba,alternator,kaggle50:alternator:kaggle_efb28ee81f12efba,train,28,data/images/dataset_v3/train/alternator/alternator_train_028_efb28ee81f12efba.jpg,efb28ee81f12efba0306abb1dbfcf8b01dd614fc21d5f54471023872dc8f7258,dataset-v3-split-v1,5b85453ff13e957b6393ff4b14d6355a8a85f75ce74e646e562db4873101a83b,gpiosenka/car-parts-40-classes,car parts 50,train,False,deterministic_group_aware_60_10_10_original_source_split_ignored
kaggle_54a974e7de375113,alternator,kaggle50:alternator:kaggle_54a974e7de375113,train,29,data/images/dataset_v3/train/alternator/alternator_train_029_54a974e7de375113.jpg,54a974e7de375113d7851e2e9d051eb54237cdd14ab2edd0a09305ba4a69bf1e,dataset-v3-split-v1,5ef800f3f90fb983738251b6b8ec807e8cbd05e7382d1df85753b97afde518d0,gpiosenka/car-parts-40-classes,car parts 50,train,False,deterministic_group_aware_60_10_10_original_source_split_ignored
kaggle_a3b87864b677916b,alternator,kaggle50:alternator:kaggle_a3b87864b677916b,train,30,data/images/dataset_v3/train/alternator/alternator_train_030_a3b87864b677916b.jpg,a3b87864b677916b2248ba8ccbb25092356bdb4a1185624066b90778eb4446c5,dataset-v3-split-v1,61f21d6486812efaa77852e18fdf2f7b4d3dc8ba434038573dddf4a4c425591e,gpiosenka/car-parts-40-classes,car parts 50,train,False,deterministic_group_aware_60_10_10_original_source_split_ignored
kaggle_9398819c34b531e0,alternator,kaggle50:alternator:kaggle_9398819c34b531e0,train,31,data/images/dataset_v3/train/alternator/alternator_train_031_9398819c34b531e0.jpg,9398819c34b531e08ca268f22edee228cf9c928d3bab7b08ab5f7cd41e168dac,dataset-v3-split-v1,62161dc370e66f5ec3f26988c4b37b7023928dac1e11349004f12806e3de1dd2,gpiosenka/car-parts-40-classes,car parts 50,train,False,deterministic_group_aware_60_10_10_original_source_split_ignored
kaggle_b7c99a5036491741,alternator,kaggle50:alternator:kaggle_b7c99a5036491741,train,32,data/images/dataset_v3/train/alternator/alternator_train_032_b7c99a5036491741.jpg,b7c99a5036491741b15b8af92bd36dce6657b7c7e05b52a7ab1e124629f0a127,dataset-v3-split-v1,67d46a7840907052f1c68079f2ff076f912f4726e3476f2d00225f45d4c266c0,gpiosenka/car-parts-40-classes,car parts 50,train,False,deterministic_group_aware_60_10_10_original_source_split_ignored
kaggle_bc059b3f1cc7a781,alternator,kaggle50:alternator:kaggle_bc059b3f1cc7a781,train,33,data/images/dataset_v3/train/alternator/alternator_train_033_bc059b3f1cc7a781.jpg,bc059b3f1cc7a78107b625ad3e92dead214ac634f1261853da5967912a439553,dataset-v3-split-v1,6af475186de3264d1e448a2ae0da9bf682fc158c8127bf3f5d6959f82adc32fb,gpiosenka/car-parts-40-classes,car parts 50,train,False,deterministic_group_aware_60_10_10_original_source_split_ignored
kaggle_0aec257ce947341a,alternator,kaggle50:alternator:kaggle_0aec257ce947341a,train,34,data/images/dataset_v3/train/alternator/alternator_train_034_0aec257ce947341a.jpg,0aec257ce947341ae2fb397e9dc7224dcd306afea0620ad427fca50acdedf203,dataset-v3-split-v1,6e7aa80ef96014f72ffdb6320482c3afd1370f724807ccf32ce01c0515265835,gpiosenka/car-parts-40-classes,car parts 50,train,False,deterministic_group_aware_60_10_10_original_source_split_ignored
kaggle_7f6c959ae97cc405,alternator,kaggle50:alternator:kaggle_7f6c959ae97cc405,train,35,data/images/dataset_v3/train/alternator/alternator_train_035_7f6c959ae97cc405.jpg,7f6c959ae97cc4052bcd583a0b418162a1f81e9e9c3d03dab974e0013f1de939,dataset-v3-split-v1,6f004a8fb5bc6d2fc84b9084ab3cb5c694729c8a1732ce21e54a902363d54e0b,gpiosenka/car-parts-40-classes,car parts 50,train,False,deterministic_group_aware_60_10_10_original_source_split_ignored
kaggle_aad76fe8488ecc09,alternator,kaggle50:alternator:kaggle_aad76fe8488ecc09,train,36,data/images/dataset_v3/train/alternator/alternator_train_036_aad76fe8488ecc09.jpg,aad76fe8488ecc09f2527625780e4c7719c853e9df039804116b20cf58162326,dataset-v3-split-v1,70b2f7a7f07a60f3258e37ec58451b7b269080fe9417e80d164c954dd803940a,gpiosenka/car-parts-40-classes,car parts 50,train,False,deterministic_group_aware_60_10_10_original_source_split_ignored
kaggle_2f80afbc3e0e7bf6,alternator,kaggle50:alternator:kaggle_2f80afbc3e0e7bf6,train,37,data/images/dataset_v3/train/alternator/alternator_train_037_2f80afbc3e0e7bf6.jpg,2f80afbc3e0e7bf6df7e0c1bd173d23f4d6a769a08a25531a93de324e9f998c1,dataset-v3-split-v1,71a0825e8d5acca998354acb4191b2176b515474a021e3dd06e2bbb4bab2e984,gpiosenka/car-parts-40-classes,car parts 50,train,False,deterministic_group_aware_60_10_10_original_source_split_ignored
kaggle_7300577cca967560,alternator,kaggle50:alternator:kaggle_7300577cca967560,train,38,data/images/dataset_v3/train/alternator/alternator_train_038_7300577cca967560.jpg,7300577cca967560f50a29083252960ce229cbf2a0cba2504d83f044663fa388,dataset-v3-split-v1,77422a154caeb8109072bdee9085f6e583ab4c4015088f4c2c382c96ac072acd,gpiosenka/car-parts-40-classes,car parts 50,train,False,deterministic_group_aware_60_10_10_original_source_split_ignored
kaggle_0de940e09bd51629,alternator,kaggle50:alternator:kaggle_0de940e09bd51629,train,39,data/images/dataset_v3/train/alternator/alternator_train_039_0de940e09bd51629.jpg,0de940e09bd51629bfdea37471de8edd66c3d3dfab8707c071462f450f15c26e,dataset-v3-split-v1,7a54a168f0b5049c51b93a9594bd9f7924ab53c3b22c454cdf04f1a5d8d160e4,gpiosenka/car-parts-40-classes,car parts 50,train,False,deterministic_group_aware_60_10_10_original_source_split_ignored
kaggle_a3d29eac123729eb,alternator,kaggle50:alternator:kaggle_a3d29eac123729eb,train,40,data/images/dataset_v3/train/alternator/alternator_train_040_a3d29eac123729eb.jpg,a3d29eac123729ebbc76c64facc66ef676c49a8f07259bec5795c10e513e88ed,dataset-v3-split-v1,7c9e37a0e28239027edadfb1e4040169457745e07bc33853f9a3cf0f9f2187a7,gpiosenka/car-parts-40-classes,car parts 50,train,False,deterministic_group_aware_60_10_10_original_source_split_ignored
kaggle_f8fd454d9376a4d0,alternator,kaggle50:alternator:kaggle_f8fd454d9376a4d0,train,41,data/images/dataset_v3/train/alternator/alternator_train_041_f8fd454d9376a4d0.jpg,f8fd454d9376a4d0378622d26e9706bccabc17d696cee610744710a91648c7a0,dataset-v3-split-v1,7df88ff4e6df83be4feea0bb655cc63a82137b96475190664742a42637b6a9ad,gpiosenka/car-parts-40-classes,car parts 50,train,False,deterministic_group_aware_60_10_10_original_source_split_ignored
kaggle_2f3f5a494c3219c8,alternator,kaggle50:alternator:kaggle_2f3f5a494c3219c8,train,42,data/images/dataset_v3/train/alternator/alternator_train_042_2f3f5a494c3219c8.jpg,2f3f5a494c3219c8b93b02de836683c685b8dad764c67020f984d8f91a5a05f3,dataset-v3-split-v1,82fd727c429c5bf915b154afc9055862d65bfb6f500ea93bd1d3f06b52de7b5e,gpiosenka/car-parts-40-classes,car parts 50,train,False,deterministic_group_aware_60_10_10_original_source_split_ignored
kaggle_fdafeff9fbb40616,alternator,kaggle50:alternator:kaggle_fdafeff9fbb40616,train,43,data/images/dataset_v3/train/alternator/alternator_train_043_fdafeff9fbb40616.jpg,fdafeff9fbb406167f695387524fe8dfc51527d0b0115db58ebfacff8f2eae47,dataset-v3-split-v1,8754001b3bf6634f9e7631300969a96227c9668196b2c6896008e6a3a9ac3223,gpiosenka/car-parts-40-classes,car parts 50,train,False,deterministic_group_aware_60_10_10_original_source_split_ignored
kaggle_fae036951e279076,alternator,kaggle50:alternator:kaggle_fae036951e279076,train,44,data/images/dataset_v3/train/alternator/alternator_train_044_fae036951e279076.jpg,fae036951e2790763313152dbe27a95203af594b41d17539e358e62914f2608e,dataset-v3-split-v1,8ad31230c1b01c3e5abc9d9cb683a96e0abf940e98483d872eeb130323690493,gpiosenka/car-parts-40-classes,car parts 50,train,False,deterministic_group_aware_60_10_10_original_source_split_ignored
kaggle_fb8aa1d4a9d59f6f,alternator,kaggle50:alternator:kaggle_fb8aa1d4a9d59f6f,train,45,data/images/dataset_v3/train/alternator/alternator_train_045_fb8aa1d4a9d59f6f.jpg,fb8aa1d4a9d59f6fc12808afb0fe13717bb45dda45f54c6c7083daebeb07bd08,dataset-v3-split-v1,8f7e2d2d0cc672282f5feb04e736f63e3ac4796ab206553187dd4beac23f9fc4,gpiosenka/car-parts-40-classes,car parts 50,train,False,deterministic_group_aware_60_10_10_original_source_split_ignored
kaggle_45b42e0449ce34a6,alternator,kaggle50:alternator:kaggle_45b42e0449ce34a6,train,46,data/images/dataset_v3/train/alternator/alternator_train_046_45b42e0449ce34a6.jpg,45b42e0449ce34a6ac642d4aeca72c0538e3601a560582a9b5ea218c1172d7ae,dataset-v3-split-v1,901a3f1df33138e56c798edd21db325eb2e6db95499bd92a401542d49f9264f6,gpiosenka/car-parts-40-classes,car parts 50,train,False,deterministic_group_aware_60_10_10_original_source_split_ignored
kaggle_6acc56848de394af,alternator,kaggle50:alternator:kaggle_6acc56848de394af,train,47,data/images/dataset_v3/train/alternator/alternator_train_047_6acc56848de394af.jpg,6acc56848de394af4d68798435d704ceabfbbc2ddede0951031f72bcf7602d90,dataset-v3-split-v1,96d488c0cd26c34f6bd8fa207ccad06fde957e1a83fb88cdcc28702f02dc760b,gpiosenka/car-parts-40-classes,car parts 50,train,False,deterministic_group_aware_60_10_10_original_source_split_ignored
kaggle_839b814c423734d7,alternator,kaggle50:alternator:kaggle_839b814c423734d7,train,48,data/images/dataset_v3/train/alternator/alternator_train_048_839b814c423734d7.jpg,839b814c423734d7c2e95d1550755de9b5b0d1ab2831f98be5289b1a585a7070,dataset-v3-split-v1,9774607e4cf8254daba035cf131d5af870c473805a134a2b6745b2939396fb17,gpiosenka/car-parts-40-classes,car parts 50,train,False,deterministic_group_aware_60_10_10_original_source_split_ignored
kaggle_b3fcf0e38ae6692e,alternator,kaggle50:alternator:kaggle_b3fcf0e38ae6692e,train,49,data/images/dataset_v3/train/alternator/alternator_train_049_b3fcf0e38ae6692e.jpg,b3fcf0e38ae6692ede47e3d2387661796299276985eb8be4a6c4563edc7a6789,dataset-v3-split-v1,983061a7270596313dd0f578eb1b5bda61e335a623f4c47385bc0c1a0bcd3fe0,gpiosenka/car-parts-40-classes,car parts 50,train,False,deterministic_group_aware_60_10_10_original_source_split_ignored
kaggle_28fd79f22c2ad58f,alternator,kaggle50:alternator:kaggle_28fd79f22c2ad58f,train,50,data/images/dataset_v3/train/alternator/alternator_train_050_28fd79f22c2ad58f.jpg,28fd79f22c2ad58f84667e7ce1760a87910a5a38530fe54c448c10ee70ef8657,dataset-v3-split-v1,9852c1f15eb753c194fcda49fb97ce36986bb66d14465ae4f919c5565629e057,gpiosenka/car-parts-40-classes,car parts 50,train,False,deterministic_group_aware_60_10_10_original_source_split_ignored
kaggle_c0042d795bb8662e,alternator,kaggle50:alternator:kaggle_c0042d795bb8662e,train,51,data/images/dataset_v3/train/alternator/alternator_train_051_c0042d795bb8662e.jpg,c0042d795bb8662eb3cca1466b59660577240006f10a7edcea08b6069f6a8f6b,dataset-v3-split-v1,9c08e8f1f52fe54278da817cc3a7cbca4b13655dc76854b24e1bd7a3334fa88f,gpiosenka/car-parts-40-classes,car parts 50,train,False,deterministic_group_aware_60_10_10_original_source_split_ignored
kaggle_26c5edf0b8f51767,alternator,kaggle50:alternator:kaggle_26c5edf0b8f51767,train,52,data/images/dataset_v3/train/alternator/alternator_train_052_26c5edf0b8f51767.jpg,26c5edf0b8f51767a7ba807f9446a8d1932c69f02bb567a60bfead6c2467eb1d,dataset-v3-split-v1,9c305ecf4ef7e6c5e63bfb48b71544c9cdccb5c83b6dbdfd2d90ad7402117dfd,gpiosenka/car-parts-40-classes,car parts 50,train,False,deterministic_group_aware_60_10_10_original_source_split_ignored
kaggle_e440a188a9a9b743,alternator,kaggle50:alternator:kaggle_e440a188a9a9b743,train,53,data/images/dataset_v3/train/alternator/alternator_train_053_e440a188a9a9b743.jpg,e440a188a9a9b743fef7fa79887ee8e1d7739dcb536ab0548acd2aa652cd4221,dataset-v3-split-v1,a09b2841ec2b7f042ee7e7b01e607baa7715244627d6deb404ab58b126e5bb60,gpiosenka/car-parts-40-classes,car parts 50,train,False,deterministic_group_aware_60_10_10_original_source_split_ignored
kaggle_b8c19785e28b81b0,alternator,kaggle50:alternator:kaggle_b8c19785e28b81b0,train,54,data/images/dataset_v3/train/alternator/alternator_train_054_b8c19785e28b81b0.jpg,b8c19785e28b81b0decfcda342ab22fbe1bb7bdf6438ad279329c8b028cdd7a1,dataset-v3-split-v1,a0c0db39f20bc4ceea7713f7b2cb2782f92f0202538d46f9aceca54734dd9866,gpiosenka/car-parts-40-classes,car parts 50,train,False,deterministic_group_aware_60_10_10_original_source_split_ignored
kaggle_0a26dff2a8867985,alternator,kaggle50:alternator:kaggle_0a26dff2a8867985,train,55,data/images/dataset_v3/train/alternator/alternator_train_055_0a26dff2a8867985.jpg,0a26dff2a886798515f2a9361764165807f788534038a38a136cd62978a08419,dataset-v3-split-v1,a56391b1021114a13019d8053b51fb00fbcbf03b38e2556ad8db34c183a22d74,gpiosenka/car-parts-40-classes,car parts 50,train,False,deterministic_group_aware_60_10_10_original_source_split_ignored
kaggle_71b10487113ec3f0,alternator,kaggle50:alternator:kaggle_71b10487113ec3f0,train,56,data/images/dataset_v3/train/alternator/alternator_train_056_71b10487113ec3f0.jpg,71b10487113ec3f0741fa21f92ee21c66b46546dba9f9be82ec20f87a941edcd,dataset-v3-split-v1,a9a3044b6d12af6d003b8d61e3a684c3923992aa79dc576b3fd8e4da706a0084,gpiosenka/car-parts-40-classes,car parts 50,train,False,deterministic_group_aware_60_10_10_original_source_split_ignored
kaggle_f0fd791f345cc833,alternator,kaggle50:alternator:kaggle_f0fd791f345cc833,train,57,data/images/dataset_v3/train/alternator/alternator_train_057_f0fd791f345cc833.jpg,f0fd791f345cc8332070b55b7c3b238195644225a57cb5df49ac08bfbafc97b1,dataset-v3-split-v1,afd6e095890d9572aec52d25f40d75400f2f974d90260ab59fb07d0726deec6b,gpiosenka/car-parts-40-classes,car parts 50,train,False,deterministic_group_aware_60_10_10_original_source_split_ignored
kaggle_3b9bb4649900b559,alternator,kaggle50:alternator:kaggle_3b9bb4649900b559,train,58,data/images/dataset_v3/train/alternator/alternator_train_058_3b9bb4649900b559.jpg,3b9bb4649900b5596c2598fafc7e1a65ea46fd75975f9f35bbe7c7b2ad5adb68,dataset-v3-split-v1,b0d11f2a16e6ad2d6b3fd3daf83b71ac3434d17baadbb9331f9acf214a6029a0,gpiosenka/car-parts-40-classes,car parts 50,train,False,deterministic_group_aware_60_10_10_original_source_split_ignored
kaggle_3431b0cdb084eeb1,alternator,kaggle50:alternator:kaggle_3431b0cdb084eeb1,train,59,data/images/dataset_v3/train/alternator/alternator_train_059_3431b0cdb084eeb1.jpg,3431b0cdb084eeb19234eeaceed018df08547f8a555017ab37b8ef664ecfa9ff,dataset-v3-split-v1,be69bc2deda7ff2637e81772c8847f19f39de69dc998d87eaf24b3098b70f5f1,gpiosenka/car-parts-40-classes,car parts 50,train,False,deterministic_group_aware_60_10_10_original_source_split_ignored
kaggle_1b652b4d2d428cb9,alternator,kaggle50:alternator:kaggle_1b652b4d2d428cb9,train,60,data/images/dataset_v3/train/alternator/alternator_train_060_1b652b4d2d428cb9.jpg,1b652b4d2d428cb94d2e36663118e28cf8fc3c9f257e402c8e22dbdce3ba6863,dataset-v3-split-v1,bedc2398dc7b939b73e03128eaa409f365398e4a26c13d082299944430088147,gpiosenka/car-parts-40-classes,car parts 50,train,False,deterministic_group_aware_60_10_10_original_source_split_ignored
kaggle_857fa17c56d86903,brake_disc,kaggle50:brake_disc:kaggle_857fa17c56d86903,train,1,data/images/dataset_v3/train/brake_disc/brake_disc_train_001_857fa17c56d86903.jpg,857fa17c56d86903f178289ea58da6aadcaf5978116e0c11369a9e0ad61fd8ce,dataset-v3-split-v1,02d5a3af7008d897a3c26af1028ec021c2c170726dd557c863faea330b7277ab,gpiosenka/car-parts-40-classes,car parts 50,train,False,deterministic_group_aware_60_10_10_original_source_split_ignored
kaggle_6404b8ebc5e7c2cf,brake_disc,kaggle50:brake_disc:kaggle_6404b8ebc5e7c2cf,train,2,data/images/dataset_v3/train/brake_disc/brake_disc_train_002_6404b8ebc5e7c2cf.jpg,6404b8ebc5e7c2cf5d7f4b18ab1bb31abfa600389c1ba095b8db14f28ef31f6e,dataset-v3-split-v1,0655908aa4333d32924744d7a4d0edca9f3976b3bf0c8e20c056a520a8ad3ae7,gpiosenka/car-parts-40-classes,car parts 50,validation,False,deterministic_group_aware_60_10_10_original_source_split_ignored
kaggle_9a63dd34035e27ce,brake_disc,kaggle50:brake_disc:kaggle_9a63dd34035e27ce,train,3,data/images/dataset_v3/train/brake_disc/brake_disc_train_003_9a63dd34035e27ce.jpg,9a63dd34035e27cecbb6535b87fb5c407e241172dca247695715ff25d9050fd5,dataset-v3-split-v1,07dc36896675da1d8a4c4dc80a53a7ad19c7647a6ac9fd0e1aee77425063dd7f,gpiosenka/car-parts-40-classes,car parts 50,train,False,deterministic_group_aware_60_10_10_original_source_split_ignored
kaggle_8868bd97ff8c8a58,brake_disc,kaggle50:brake_disc:kaggle_8868bd97ff8c8a58,train,4,data/images/dataset_v3/train/brake_disc/brake_disc_train_004_8868bd97ff8c8a58.jpg,8868bd97ff8c8a589461ee2fd5d4c9498f55f536480fe9f4067257f75dba9d74,dataset-v3-split-v1,0a0dcabd3859b319f296e4c589479948c4fe545f095ce4c1a70e684f500a48c3,gpiosenka/car-parts-40-classes,car parts 50,test,False,deterministic_group_aware_60_10_10_original_source_split_ignored
kaggle_910ea50c324312f9,brake_disc,kaggle50:brake_disc:kaggle_910ea50c324312f9,train,5,data/images/dataset_v3/train/brake_disc/brake_disc_train_005_910ea50c324312f9.jpg,910ea50c324312f9927aaae4add23cc718e7be65f848d4f7a7e07a675e1de889,dataset-v3-split-v1,0b5006fd32381aa11dd7e7268cba2778c397f40c1e02939822bd061ff5d838ed,gpiosenka/car-parts-40-classes,car parts 50,train,False,deterministic_group_aware_60_10_10_original_source_split_ignored
kaggle_7c7bb06f04bf7483,brake_disc,kaggle50:brake_disc:kaggle_7c7bb06f04bf7483,train,6,data/images/dataset_v3/train/brake_disc/brake_disc_train_006_7c7bb06f04bf7483.jpg,7c7bb06f04bf74834d0758095ab1a4ccb7da04ef4af99d1e7b2f359c94d94f22,dataset-v3-split-v1,0fa2c2476f64a6e0c7ab8615c46e98be9c8110490caaded15a1eb574dd66c1b2,gpiosenka/car-parts-40-classes,car parts 50,train,False,deterministic_group_aware_60_10_10_original_source_split_ignored
kaggle_1b42b737c91e8eef,brake_disc,kaggle50:brake_disc:kaggle_1b42b737c91e8eef,train,7,data/images/dataset_v3/train/brake_disc/brake_disc_train_007_1b42b737c91e8eef.jpg,1b42b737c91e8eef7e5719c0b4cf7133eaf69f0d38985db8cea1b1bcae66bb33,dataset-v3-split-v1,122d49b1ee400d7e4fd537fa53c9aeaf8d9af4e0f11ecb4ab8ec19546ed3344a,gpiosenka/car-parts-40-classes,car parts 50,train,False,deterministic_group_aware_60_10_10_original_source_split_ignored
kaggle_264373dd90b4eddb,brake_disc,kaggle50:brake_disc:kaggle_264373dd90b4eddb,train,8,data/images/dataset_v3/train/brake_disc/brake_disc_train_008_264373dd90b4eddb.jpg,264373dd90b4eddb90550b5ea593cfdb37c83bd9cab897780c235a4695e9fca3,dataset-v3-split-v1,135b95d7c1fae30e121f58bc0402619a79a892cc2f5aace5520791a2b5ec7cb8,gpiosenka/car-parts-40-classes,car parts 50,train,False,deterministic_group_aware_60_10_10_original_source_split_ignored
kaggle_c362d3516547ebfb,brake_disc,kaggle50:brake_disc:kaggle_c362d3516547ebfb,train,9,data/images/dataset_v3/train/brake_disc/brake_disc_train_009_c362d3516547ebfb.jpg,c362d3516547ebfb847252d3f0321fac59e7458d3815b63448704d40e39e1d7d,dataset-v3-split-v1,14a7edc6c782edf60da73d511165186cb2646aad725adb6ce75afb6dbf474fef,gpiosenka/car-parts-40-classes,car parts 50,train,False,deterministic_group_aware_60_10_10_original_source_split_ignored
kaggle_a52ced5d4413c613,brake_disc,kaggle50:brake_disc:kaggle_a52ced5d4413c613,train,10,data/images/dataset_v3/train/brake_disc/brake_disc_train_010_a52ced5d4413c613.jpg,a52ced5d4413c613c69b8964d080c46a00dcc0c6d2bfdd3b103f461dcfeccae5,dataset-v3-split-v1,193d18a9456bfe87ce1b974f02c2d5f120acb8e292440aa122561af37fa3ef12,gpiosenka/car-parts-40-classes,car parts 50,train,False,deterministic_group_aware_60_10_10_original_source_split_ignored
kaggle_96cbe23db4e7d2e7,brake_disc,kaggle50:brake_disc:kaggle_96cbe23db4e7d2e7,train,11,data/images/dataset_v3/train/brake_disc/brake_disc_train_011_96cbe23db4e7d2e7.jpg,96cbe23db4e7d2e7ea70336529620a0aa2bdd0022170b262671091d0e935a668,dataset-v3-split-v1,1f4e9a27191da583cec319304ccaaae165578845f27318c89b86849c4580bac2,gpiosenka/car-parts-40-classes,car parts 50,train,False,deterministic_group_aware_60_10_10_original_source_split_ignored
kaggle_43e115f906e13fb2,brake_disc,kaggle50:brake_disc:kaggle_43e115f906e13fb2,train,12,data/images/dataset_v3/train/brake_disc/brake_disc_train_012_43e115f906e13fb2.jpg,43e115f906e13fb2c9631949467c611fb1e798fc9afd9df857e00c62059771ac,dataset-v3-split-v1,208799421897b32af3399450e799d26909922d33f19b9560633e518120d4618a,gpiosenka/car-parts-40-classes,car parts 50,train,False,deterministic_group_aware_60_10_10_original_source_split_ignored
kaggle_6ecd698ba4df7086,brake_disc,kaggle50:brake_disc:kaggle_6ecd698ba4df7086,train,13,data/images/dataset_v3/train/brake_disc/brake_disc_train_013_6ecd698ba4df7086.jpg,6ecd698ba4df7086deb5f84d5f3a0c3315b4855830dddee237da5b18602a0a5e,dataset-v3-split-v1,20c5b20b3239c4f14400f410c457b93c1ee4b361516181cd6f2bd9a296ee2c46,gpiosenka/car-parts-40-classes,car parts 50,train,False,deterministic_group_aware_60_10_10_original_source_split_ignored
kaggle_5d1db3715a9b4507,brake_disc,kaggle50:brake_disc:kaggle_5d1db3715a9b4507,train,14,data/images/dataset_v3/train/brake_disc/brake_disc_train_014_5d1db3715a9b4507.jpg,5d1db3715a9b450708224d9a1b27e09e5a77031f5b7d18340d7b264519b2f17c,dataset-v3-split-v1,2196209486706f85da96d9fb871119f20f9f4f37a65e6fead07480c3ec95ca7f,gpiosenka/car-parts-40-classes,car parts 50,train,False,deterministic_group_aware_60_10_10_original_source_split_ignored
kaggle_fd55b6202721b8a4,brake_disc,kaggle50:brake_disc:kaggle_fd55b6202721b8a4,train,15,data/images/dataset_v3/train/brake_disc/brake_disc_train_015_fd55b6202721b8a4.jpg,fd55b6202721b8a485fcb9f2aa3297c1aeb8ffed4fa975e94a5017ef322607b5,dataset-v3-split-v1,22023f7148435ce6f20c5dcbc33e3a348b46a4708678e115a9853af40980eb79,gpiosenka/car-parts-40-classes,car parts 50,train,False,deterministic_group_aware_60_10_10_original_source_split_ignored
kaggle_ff9d015d003edfe1,brake_disc,kaggle50:brake_disc:kaggle_ff9d015d003edfe1,train,16,data/images/dataset_v3/train/brake_disc/brake_disc_train_016_ff9d015d003edfe1.jpg,ff9d015d003edfe1efa8fb34be91048e63e0be98fac23bff17f5fec1f04d3a52,dataset-v3-split-v1,231a91228121ac8419b27616af55b1c0ad0267f4219f0e0bd89a64498a2ce02e,gpiosenka/car-parts-40-classes,car parts 50,train,False,deterministic_group_aware_60_10_10_original_source_split_ignored
kaggle_b0911b647c51578a,brake_disc,kaggle50:brake_disc:kaggle_b0911b647c51578a,train,17,data/images/dataset_v3/train/brake_disc/brake_disc_train_017_b0911b647c51578a.jpg,b0911b647c51578a7b5af35e8ddeda636a0b2dcc5329b6cedac2962fd4b58878,dataset-v3-split-v1,2795383c6788ee9f9fe86d63fec3490459718e355fb6e81039c000f31ceddfed,gpiosenka/car-parts-40-classes,car parts 50,train,False,deterministic_group_aware_60_10_10_original_source_split_ignored
kaggle_b5f5bcf9557b3815,brake_disc,kaggle50:brake_disc:kaggle_b5f5bcf9557b3815,train,18,data/images/dataset_v3/train/brake_disc/brake_disc_train_018_b5f5bcf9557b3815.jpg,b5f5bcf9557b38150937771aeda804cbfecdd484bc29c7d851a328e23cc88da3,dataset-v3-split-v1,2e715f97fbe0d1b13162c73273f0e9ff03100345bd45fc05bf0ca9260f887516,gpiosenka/car-parts-40-classes,car parts 50,train,False,deterministic_group_aware_60_10_10_original_source_split_ignored
kaggle_824da027961a4d95,brake_disc,kaggle50:brake_disc:kaggle_824da027961a4d95,train,19,data/images/dataset_v3/train/brake_disc/brake_disc_train_019_824da027961a4d95.jpg,824da027961a4d959f3a6239059be21b5f37d57a8fee217dc03b11db1152d960,dataset-v3-split-v1,2ef7ed9bf939691f18f72f35b01ed91d33650baf714b1437ef9ffe8f7afecc7e,gpiosenka/car-parts-40-classes,car parts 50,train,False,deterministic_group_aware_60_10_10_original_source_split_ignored
kaggle_f580a67ec1080b76,brake_disc,kaggle50:brake_disc:kaggle_f580a67ec1080b76,train,20,data/images/dataset_v3/train/brake_disc/brake_disc_train_020_f580a67ec1080b76.jpg,f580a67ec1080b767641d3aeb19e39795eb830adc5615d511726d592e1a2b0b4,dataset-v3-split-v1,3149371663b045c701d67a39089754d3013a3e2e4504fa4f3611b7d4d92fab6f,gpiosenka/car-parts-40-classes,car parts 50,train,False,deterministic_group_aware_60_10_10_original_source_split_ignored
kaggle_574f668a250f86bf,brake_disc,kaggle50:brake_disc:kaggle_574f668a250f86bf,train,21,data/images/dataset_v3/train/brake_disc/brake_disc_train_021_574f668a250f86bf.jpg,574f668a250f86bfb312f9421b28c7318916d522a52162faa518ef6bc96a1e98,dataset-v3-split-v1,3269d981b3d5cf7da1031ba948b8924934afec5e70c6ec262522bb1073d20f24,gpiosenka/car-parts-40-classes,car parts 50,train,False,deterministic_group_aware_60_10_10_original_source_split_ignored
kaggle_2f50daf89e940937,brake_disc,kaggle50:brake_disc:kaggle_2f50daf89e940937,train,22,data/images/dataset_v3/train/brake_disc/brake_disc_train_022_2f50daf89e940937.jpg,2f50daf89e940937e0e397361db145303e51a5e26f40bb6f712ee7a14b5668e1,dataset-v3-split-v1,33f2b1dc5e5b7b39dc0d29a191cfba5ec8c229488f0b117745c90c4cb406d718,gpiosenka/car-parts-40-classes,car parts 50,train,False,deterministic_group_aware_60_10_10_original_source_split_ignored
kaggle_53de9044459afe36,brake_disc,kaggle50:brake_disc:kaggle_53de9044459afe36,train,23,data/images/dataset_v3/train/brake_disc/brake_disc_train_023_53de9044459afe36.jpg,53de9044459afe3623fec6af4f41e7230f37aff3d9d38eca45c2bfebd5114b6e,dataset-v3-split-v1,47a6674cf274d4c904a7f8aa79c5152393e5e37b300c16dc7d8824b5681d1288,gpiosenka/car-parts-40-classes,car parts 50,train,False,deterministic_group_aware_60_10_10_original_source_split_ignored
kaggle_9c5203874c049848,brake_disc,kaggle50:brake_disc:kaggle_9c5203874c049848,train,24,data/images/dataset_v3/train/brake_disc/brake_disc_train_024_9c5203874c049848.jpg,9c5203874c0498480b4c4c5d84b1edee7324d9f7ee9b85fa513c846182aa814c,dataset-v3-split-v1,481ba7f1b9fcc16e59758b98e4a0986c8d0c1a5eeee81d65ebdaae5787fdd0c4,gpiosenka/car-parts-40-classes,car parts 50,test,False,deterministic_group_aware_60_10_10_original_source_split_ignored
kaggle_cc5a64b0a289ccf4,brake_disc,kaggle50:brake_disc:kaggle_cc5a64b0a289ccf4,train,25,data/images/dataset_v3/train/brake_disc/brake_disc_train_025_cc5a64b0a289ccf4.jpg,cc5a64b0a289ccf41d44a7647b8d35b3fdb8d31813e6aec5b3dba1a6c1a3df32,dataset-v3-split-v1,4c34e2e9af9c8f8fcc424d2ab382c4fa50bc6c0a778bc65b1c8dfbe9d1bf2923,gpiosenka/car-parts-40-classes,car parts 50,train,False,deterministic_group_aware_60_10_10_original_source_split_ignored
kaggle_92e005522b87ff86,brake_disc,kaggle50:brake_disc:kaggle_92e005522b87ff86,train,26,data/images/dataset_v3/train/brake_disc/brake_disc_train_026_92e005522b87ff86.jpg,92e005522b87ff86ba00340259e15c8a3400833a4da3a22089cd22250d8b5aa9,dataset-v3-split-v1,5091955ba91cdb5c15a1ee3306b9a2d06f679ac8c3f5c094f3ac543f40788b95,gpiosenka/car-parts-40-classes,car parts 50,train,False,deterministic_group_aware_60_10_10_original_source_split_ignored
kaggle_5c58f3d9c3864043,brake_disc,kaggle50:brake_disc:kaggle_5c58f3d9c3864043,train,27,data/images/dataset_v3/train/brake_disc/brake_disc_train_027_5c58f3d9c3864043.jpg,5c58f3d9c38640438151a64b1b6e121b9d21a075023565ec5ea661e78f2efb05,dataset-v3-split-v1,58e4f14da312c057e1bc1295bb9828c7eda8f12dcc6e2106d43b31c100e7d651,gpiosenka/car-parts-40-classes,car parts 50,train,False,deterministic_group_aware_60_10_10_original_source_split_ignored
kaggle_867e9280692a8548,brake_disc,kaggle50:brake_disc:kaggle_867e9280692a8548,train,28,data/images/dataset_v3/train/brake_disc/brake_disc_train_028_867e9280692a8548.jpg,867e9280692a854874112c3228dff5afa925de59a96e0ec4745aa0f56634d33a,dataset-v3-split-v1,59378e9ed113f60f6c122ec654300cdfaedc80b9067595c301cd2e5a4de8b62c,gpiosenka/car-parts-40-classes,car parts 50,train,False,deterministic_group_aware_60_10_10_original_source_split_ignored
kaggle_3f652d15741e8920,brake_disc,kaggle50:brake_disc:kaggle_3f652d15741e8920,train,29,data/images/dataset_v3/train/brake_disc/brake_disc_train_029_3f652d15741e8920.jpg,3f652d15741e89203d0bcbaaccd04b7ba18b38e4e62b159b0cb12188af3d4a7f,dataset-v3-split-v1,5cff0dcf2079ab400b169ead8906d14c23a3694bba44ba7e2f47c522a22fc177,gpiosenka/car-parts-40-classes,car parts 50,train,False,deterministic_group_aware_60_10_10_original_source_split_ignored
kaggle_fba3f06327e09c00,brake_disc,kaggle50:brake_disc:kaggle_fba3f06327e09c00,train,30,data/images/dataset_v3/train/brake_disc/brake_disc_train_030_fba3f06327e09c00.jpg,fba3f06327e09c006283ae6637126c07b80947934ef50d6b2eb27d23b914bc8b,dataset-v3-split-v1,5e5b884b5091421a19b9fd66e66152d92466a2e2acb1202c1f16d05d2a917657,gpiosenka/car-parts-40-classes,car parts 50,train,False,deterministic_group_aware_60_10_10_original_source_split_ignored
kaggle_8fc35ee4f8d15943,brake_disc,kaggle50:brake_disc:kaggle_8fc35ee4f8d15943,train,31,data/images/dataset_v3/train/brake_disc/brake_disc_train_031_8fc35ee4f8d15943.jpg,8fc35ee4f8d15943250732f87ee1f7a6a45c84aa00b7a88f89e79919c26ec35a,dataset-v3-split-v1,6718b45568061853099a54f257db3b91682847cfb71e1ef70ad0b40d766c5d9c,gpiosenka/car-parts-40-classes,car parts 50,train,False,deterministic_group_aware_60_10_10_original_source_split_ignored
kaggle_17de41c1fc54ab2b,brake_disc,kaggle50:brake_disc:kaggle_17de41c1fc54ab2b,train,32,data/images/dataset_v3/train/brake_disc/brake_disc_train_032_17de41c1fc54ab2b.jpg,17de41c1fc54ab2bc3e3efa6e7a0e347a26f3d923170d41469da5b17bd5051fe,dataset-v3-split-v1,6e3a2ccd4b211c7931758d5d88537fd30e2e8e9b4e2f961069275e13d205a6a8,gpiosenka/car-parts-40-classes,car parts 50,train,False,deterministic_group_aware_60_10_10_original_source_split_ignored
kaggle_7258a96c8898e2a0,brake_disc,kaggle50:brake_disc:kaggle_7258a96c8898e2a0,train,33,data/images/dataset_v3/train/brake_disc/brake_disc_train_033_7258a96c8898e2a0.jpg,7258a96c8898e2a026801eb3e4e8bf03deb49db3e7ae65b6a6b49208b5b91d31,dataset-v3-split-v1,72a53ab85d9a69becec678f05283c3a8cae9c9101c484f9bc391afaefdcbf0ee,gpiosenka/car-parts-40-classes,car parts 50,train,False,deterministic_group_aware_60_10_10_original_source_split_ignored
kaggle_6d4f8333f33c9440,brake_disc,kaggle50:brake_disc:kaggle_6d4f8333f33c9440,train,34,data/images/dataset_v3/train/brake_disc/brake_disc_train_034_6d4f8333f33c9440.jpg,6d4f8333f33c94407b3a3fc7292516dab6bb179b0570850ecfb82ec2ac959e14,dataset-v3-split-v1,75ea393b1ef2c2f006ba47f9b478cf59ce753f1a3d146a33c882c202ea9c0d50,gpiosenka/car-parts-40-classes,car parts 50,train,False,deterministic_group_aware_60_10_10_original_source_split_ignored
kaggle_399d1b06dec0eed6,brake_disc,kaggle50:brake_disc:kaggle_399d1b06dec0eed6,train,35,data/images/dataset_v3/train/brake_disc/brake_disc_train_035_399d1b06dec0eed6.jpg,399d1b06dec0eed65dea19763024251af76131f5e8f69d1ae3de5956ac9a41c6,dataset-v3-split-v1,77109da4cb1992fcbc6ebdf26f2b12452ce075832c4690b06637bf9060a1e17b,gpiosenka/car-parts-40-classes,car parts 50,train,False,deterministic_group_aware_60_10_10_original_source_split_ignored
kaggle_69be0c13fb4b3519,brake_disc,kaggle50:brake_disc:kaggle_69be0c13fb4b3519,train,36,data/images/dataset_v3/train/brake_disc/brake_disc_train_036_69be0c13fb4b3519.jpg,69be0c13fb4b35192fbca73751a6bd01fde9e0b351acc48870b34c18172499b0,dataset-v3-split-v1,7958eec038455e8aba3c9282a8631dd130a442f08b91416ee6ed6fafe92527b6,gpiosenka/car-parts-40-classes,car parts 50,train,False,deterministic_group_aware_60_10_10_original_source_split_ignored
kaggle_e16927d80dc74ab9,brake_disc,kaggle50:brake_disc:kaggle_e16927d80dc74ab9,train,37,data/images/dataset_v3/train/brake_disc/brake_disc_train_037_e16927d80dc74ab9.jpg,e16927d80dc74ab94b4a23776cb30040d2274a57ea1703941e7257bf547ef0d5,dataset-v3-split-v1,7b347f0557c0f892e18529da61199d9378b99d2988e0a38f7c058bb95dcda438,gpiosenka/car-parts-40-classes,car parts 50,train,False,deterministic_group_aware_60_10_10_original_source_split_ignored
kaggle_d0358b3034b0e02b,brake_disc,kaggle50:brake_disc:kaggle_d0358b3034b0e02b,train,38,data/images/dataset_v3/train/brake_disc/brake_disc_train_038_d0358b3034b0e02b.jpg,d0358b3034b0e02b0b5e55d64cf55153922dbb832cf5283ea93386fda831eda5,dataset-v3-split-v1,84fa55d0322073a9e9227cc3a528bee482082143e17097159b686b88e5f95aae,gpiosenka/car-parts-40-classes,car parts 50,train,False,deterministic_group_aware_60_10_10_original_source_split_ignored
kaggle_4c517e0846670f54,brake_disc,kaggle50:brake_disc:kaggle_4c517e0846670f54,train,39,data/images/dataset_v3/train/brake_disc/brake_disc_train_039_4c517e0846670f54.jpg,4c517e0846670f54861cc123d5d7f0aebf69035ecc5b6427fb11e64d02b6204c,dataset-v3-split-v1,8682a7b75ac501ebd58b289822c4620c00d907b67d17595a56ea225374ab1d91,gpiosenka/car-parts-40-classes,car parts 50,train,False,deterministic_group_aware_60_10_10_original_source_split_ignored
kaggle_82d446c910a8c0da,brake_disc,kaggle50:brake_disc:kaggle_82d446c910a8c0da,train,40,data/images/dataset_v3/train/brake_disc/brake_disc_train_040_82d446c910a8c0da.jpg,82d446c910a8c0da5563eaf3edef391f9a285eb732d913ab9b7280898ad97c38,dataset-v3-split-v1,868f27b4c5deb8da2af1f24331397107524902fae0429bb934eb96000f8db5f4,gpiosenka/car-parts-40-classes,car parts 50,test,False,deterministic_group_aware_60_10_10_original_source_split_ignored
kaggle_18d026c0bd6ee19e,brake_disc,kaggle50:brake_disc:kaggle_18d026c0bd6ee19e,train,41,data/images/dataset_v3/train/brake_disc/brake_disc_train_041_18d026c0bd6ee19e.jpg,18d026c0bd6ee19ec9460e32d5ed92ea21fad8dccf9f1ae48fdeeafb2e45ec19,dataset-v3-split-v1,8787d2d14d9725f59ff3e891f5dcce3a0aa797b4c126cf0e03897d92e243b174,gpiosenka/car-parts-40-classes,car parts 50,train,False,deterministic_group_aware_60_10_10_original_source_split_ignored
kaggle_72ce2c1e37bcdc64,brake_disc,kaggle50:brake_disc:kaggle_72ce2c1e37bcdc64,train,42,data/images/dataset_v3/train/brake_disc/brake_disc_train_042_72ce2c1e37bcdc64.jpg,72ce2c1e37bcdc641fe6983b2320fc9607fb7f7863149a92d27ff60478c50cd4,dataset-v3-split-v1,9295c053a74e075de58268a9cc5fdb40e902e887d7966b7f1db1e2143cfce778,gpiosenka/car-parts-40-classes,car parts 50,train,False,deterministic_group_aware_60_10_10_original_source_split_ignored
kaggle_acfb9c246f0beed8,brake_disc,kaggle50:brake_disc:kaggle_acfb9c246f0beed8,train,43,data/images/dataset_v3/train/brake_disc/brake_disc_train_043_acfb9c246f0beed8.jpg,acfb9c246f0beed881d4d7500be6c7e67a119606d10d543a9e63b398ccb346a9,dataset-v3-split-v1,947927bf4d8527c99a61d3f6a939ee9b07cb4e32343ac1383b2db4dae668272e,gpiosenka/car-parts-40-classes,car parts 50,train,False,deterministic_group_aware_60_10_10_original_source_split_ignored
kaggle_16343fea356bff09,brake_disc,kaggle50:brake_disc:kaggle_16343fea356bff09,train,44,data/images/dataset_v3/train/brake_disc/brake_disc_train_044_16343fea356bff09.jpg,16343fea356bff09b4352baad889cf68bf381d4170d811bdd6377a0ea324f333,dataset-v3-split-v1,9ca190887ba555313a590c6f9c95a44a7aa9743cad550c24a23bd1e7ae074924,gpiosenka/car-parts-40-classes,car parts 50,train,False,deterministic_group_aware_60_10_10_original_source_split_ignored
kaggle_2f196622a30fccb3,brake_disc,kaggle50:brake_disc:kaggle_2f196622a30fccb3,train,45,data/images/dataset_v3/train/brake_disc/brake_disc_train_045_2f196622a30fccb3.jpg,2f196622a30fccb34e0d7563b55ec154005987dfa647d932a668fae88dbe8b32,dataset-v3-split-v1,9d78698ccd7a6da75af9ccfb0057eb811040a2bbc4865650124180004953f9d8,gpiosenka/car-parts-40-classes,car parts 50,train,False,deterministic_group_aware_60_10_10_original_source_split_ignored
kaggle_55310f5b5b5c8cb0,brake_disc,kaggle50:brake_disc:kaggle_55310f5b5b5c8cb0,train,46,data/images/dataset_v3/train/brake_disc/brake_disc_train_046_55310f5b5b5c8cb0.jpg,55310f5b5b5c8cb00db13431c19885c65c61e9b8de8835f14a706d2bfdc133ae,dataset-v3-split-v1,aaa1cee6c90662892e155147873a85bb8fbac97c25ba402623813974dd07151d,gpiosenka/car-parts-40-classes,car parts 50,train,False,deterministic_group_aware_60_10_10_original_source_split_ignored
kaggle_4d3bebc3fac27740,brake_disc,kaggle50:brake_disc:kaggle_4d3bebc3fac27740,train,47,data/images/dataset_v3/train/brake_disc/brake_disc_train_047_4d3bebc3fac27740.jpg,4d3bebc3fac277409d7e12520191ceb8b26630869be9bde96a1ef29eba4002f5,dataset-v3-split-v1,ab7714fabfdbbe59aa1ce868ce04e3cc814538b5682dd59cc5dcb25a452c7151,gpiosenka/car-parts-40-classes,car parts 50,train,False,deterministic_group_aware_60_10_10_original_source_split_ignored
kaggle_ecf691b9eacbf9b6,brake_disc,kaggle50:brake_disc:kaggle_ecf691b9eacbf9b6,train,48,data/images/dataset_v3/train/brake_disc/brake_disc_train_048_ecf691b9eacbf9b6.jpg,ecf691b9eacbf9b687795d04120d0df36556fc695db574431a7d21d2294dfee8,dataset-v3-split-v1,ad455c5e2c6f8edb68520af683413c43036bb47f2377295e881613392dbd41be,gpiosenka/car-parts-40-classes,car parts 50,train,False,deterministic_group_aware_60_10_10_original_source_split_ignored
kaggle_f20fe20154ab4b28,brake_disc,kaggle50:brake_disc:kaggle_f20fe20154ab4b28,train,49,data/images/dataset_v3/train/brake_disc/brake_disc_train_049_f20fe20154ab4b28.jpg,f20fe20154ab4b283550e78d403b592b90dc780c0c78f2d8f5c05719405cb186,dataset-v3-split-v1,aee88ae1893fe69c876c96b38f311aad78c87b8b26a8a81fd1fe3780b5956e63,gpiosenka/car-parts-40-classes,car parts 50,test,False,deterministic_group_aware_60_10_10_original_source_split_ignored
kaggle_1f0b39af09c2017c,brake_disc,kaggle50:brake_disc:kaggle_1f0b39af09c2017c,train,50,data/images/dataset_v3/train/brake_disc/brake_disc_train_050_1f0b39af09c2017c.jpg,1f0b39af09c2017c54b6315035ffcc15257ef55f127cf1a51c6ddd1f0f013ca1,dataset-v3-split-v1,b1465a33911052ab86ef7a85800041d2ab5f549d1ab16d5efd4d37a3c2c9da3a,gpiosenka/car-parts-40-classes,car parts 50,train,False,deterministic_group_aware_60_10_10_original_source_split_ignored
kaggle_14d9aebf7a3e682e,brake_disc,kaggle50:brake_disc:kaggle_14d9aebf7a3e682e,train,51,data/images/dataset_v3/train/brake_disc/brake_disc_train_051_14d9aebf7a3e682e.jpg,14d9aebf7a3e682e23d0161fbbb3abd73ca4e5551b0527daa00f4e2e3fe50e33,dataset-v3-split-v1,b19bfa19eecb40dcd0cc2af4777dcb87d7c837612a9f8e16aac4008c9ee6b2cd,gpiosenka/car-parts-40-classes,car parts 50,train,False,deterministic_group_aware_60_10_10_original_source_split_ignored
kaggle_37ee9ca42cd3e6db,brake_disc,kaggle50:brake_disc:kaggle_37ee9ca42cd3e6db,train,52,data/images/dataset_v3/train/brake_disc/brake_disc_train_052_37ee9ca42cd3e6db.jpg,37ee9ca42cd3e6db71df98373e30063edf85c61ad5b87c5a68598c2605f37f9e,dataset-v3-split-v1,b4a448029840184e242e275090da5637c7e0a7ccabc67154df978d9b8119bc14,gpiosenka/car-parts-40-classes,car parts 50,train,False,deterministic_group_aware_60_10_10_original_source_split_ignored
kaggle_76975d8bc5c7c642,brake_disc,kaggle50:brake_disc:kaggle_76975d8bc5c7c642,train,53,data/images/dataset_v3/train/brake_disc/brake_disc_train_053_76975d8bc5c7c642.jpg,76975d8bc5c7c6420343b6044273fbe22329262dce133bedfd801c359f69ed45,dataset-v3-split-v1,b5cecd44b3df99be55861d2c31e04b55e2d9dc0b8bc6543d2620fb2016275f3c,gpiosenka/car-parts-40-classes,car parts 50,train,False,deterministic_group_aware_60_10_10_original_source_split_ignored
kaggle_b2179cf93164c14e,brake_disc,kaggle50:brake_disc:kaggle_b2179cf93164c14e,train,54,data/images/dataset_v3/train/brake_disc/brake_disc_train_054_b2179cf93164c14e.jpg,b2179cf93164c14e60890c85cfc151f9e1e40f7cef8fa305d5878f8337bcc935,dataset-v3-split-v1,b5fc12388d5b664eff4025c69990f0f9fe2983cd775be29b10415d6832bcc008,gpiosenka/car-parts-40-classes,car parts 50,train,False,deterministic_group_aware_60_10_10_original_source_split_ignored
kaggle_af330066071dcd83,brake_disc,kaggle50:brake_disc:kaggle_af330066071dcd83,train,55,data/images/dataset_v3/train/brake_disc/brake_disc_train_055_af330066071dcd83.jpg,af330066071dcd8365f75ccfb8ddd66aaee4d002ca187e899f2fe75b80b18c5f,dataset-v3-split-v1,b77893db293cda9225d342951242948be616dae5ad084cc479ee15469cd7969a,gpiosenka/car-parts-40-classes,car parts 50,train,False,deterministic_group_aware_60_10_10_original_source_split_ignored
kaggle_0ba6386ebdc2b856,brake_disc,kaggle50:brake_disc:kaggle_0ba6386ebdc2b856,train,56,data/images/dataset_v3/train/brake_disc/brake_disc_train_056_0ba6386ebdc2b856.jpg,0ba6386ebdc2b856e0927985899c2161c4bd45ca8fb9f634ea8a9f9dbae93bb2,dataset-v3-split-v1,b7c4b3d9559cd6c28eac32372dd6ea2d08fabe6a3dd922f0aa8f982dbdeeabf3,gpiosenka/car-parts-40-classes,car parts 50,train,False,deterministic_group_aware_60_10_10_original_source_split_ignored
kaggle_2af8380fc0ebcfd8,brake_disc,kaggle50:brake_disc:kaggle_2af8380fc0ebcfd8,train,57,data/images/dataset_v3/train/brake_disc/brake_disc_train_057_2af8380fc0ebcfd8.jpg,2af8380fc0ebcfd8bea8a5cd8148bddf6df1f028d630a3e97a66a6502f205058,dataset-v3-split-v1,be44e89e16f9fc41921f55c8326d54d988453cc5c77720b4f9fb3cf3b478ec5e,gpiosenka/car-parts-40-classes,car parts 50,train,False,deterministic_group_aware_60_10_10_original_source_split_ignored
kaggle_2c2d37ffea45ddc9,brake_disc,kaggle50:brake_disc:kaggle_2c2d37ffea45ddc9,train,58,data/images/dataset_v3/train/brake_disc/brake_disc_train_058_2c2d37ffea45ddc9.jpg,2c2d37ffea45ddc97aaa38708a5bfb8b9eded42490367fec0cfb7166719dbeae,dataset-v3-split-v1,bf285eb3cf2432ba676aaaccec5c6203a4f303f3b8c29b3f9f3642da75cbabcd,gpiosenka/car-parts-40-classes,car parts 50,train,False,deterministic_group_aware_60_10_10_original_source_split_ignored
kaggle_963348e10fb39270,brake_disc,kaggle50:brake_disc:kaggle_963348e10fb39270,train,59,data/images/dataset_v3/train/brake_disc/brake_disc_train_059_963348e10fb39270.jpg,963348e10fb392705f03b9410afdcaac8b54644e6b231ff55acb246cf5e94712,dataset-v3-split-v1,c30db936fe856f7cd135cbefd975eee26ed092f86d3f56559ecfc2361d209e51,gpiosenka/car-parts-40-classes,car parts 50,train,False,deterministic_group_aware_60_10_10_original_source_split_ignored
kaggle_3a00941e7b28797b,brake_disc,kaggle50:brake_disc:kaggle_3a00941e7b28797b,train,60,data/images/dataset_v3/train/brake_disc/brake_disc_train_060_3a00941e7b28797b.jpg,3a00941e7b28797b3be00d4a5e35a8988e227838ade2f5b976692bd97bfd3f18,dataset-v3-split-v1,c3645ac8ebc037067befe2648719af44b578883890bd740076210aaeac1c3c97,gpiosenka/car-parts-40-classes,car parts 50,train,False,deterministic_group_aware_60_10_10_original_source_split_ignored
kaggle_aca10013f7980e42,brake_pad,kaggle50:brake_pad:kaggle_aca10013f7980e42,train,1,data/images/dataset_v3/train/brake_pad/brake_pad_train_001_aca10013f7980e42.jpg,aca10013f7980e4251282765e7b935a7895848154072e461bcca556d8c9768f2,dataset-v3-split-v1,06686c60b04c6212a6fdf589b19f325d1fd5898fe4677605aca4cdf3e5166820,gpiosenka/car-parts-40-classes,car parts 50,train,False,deterministic_group_aware_60_10_10_original_source_split_ignored
kaggle_5b20a70b59330302,brake_pad,kaggle50:brake_pad:kaggle_5b20a70b59330302,train,2,data/images/dataset_v3/train/brake_pad/brake_pad_train_002_5b20a70b59330302.jpg,5b20a70b5933030295a4e205616f20fc1873da46486b707f58829476f7b653ac,dataset-v3-split-v1,079db8331573555c48b47ebbc926a78a4889f4a8a46921d2dcc82ea3d1ed3eec,gpiosenka/car-parts-40-classes,car parts 50,train,False,deterministic_group_aware_60_10_10_original_source_split_ignored
kaggle_9cfc2cd347ae6045,brake_pad,kaggle50:brake_pad:kaggle_9cfc2cd347ae6045,train,3,data/images/dataset_v3/train/brake_pad/brake_pad_train_003_9cfc2cd347ae6045.jpg,9cfc2cd347ae60453f9bc65ec3ca8a04c807f0f9017193084610d82927a160d3,dataset-v3-split-v1,0833e2e6548505973b0b7a9355235f711e5a2e77f2ccb9696e2a802370ea9a74,gpiosenka/car-parts-40-classes,car parts 50,train,False,deterministic_group_aware_60_10_10_original_source_split_ignored
kaggle_91ddd4c34261041a,brake_pad,kaggle50:brake_pad:kaggle_91ddd4c34261041a,train,4,data/images/dataset_v3/train/brake_pad/brake_pad_train_004_91ddd4c34261041a.jpg,91ddd4c34261041a77ccca2f1134b110e7f90850dcd6239f581635c50f8b81a9,dataset-v3-split-v1,0d50a89b12390a9067f34948e6aad9d1fa9ec54029373fbeb6090fc38e39b5c5,gpiosenka/car-parts-40-classes,car parts 50,train,False,deterministic_group_aware_60_10_10_original_source_split_ignored
kaggle_9b0558914b0de3a6,brake_pad,kaggle50:brake_pad:kaggle_9b0558914b0de3a6,train,5,data/images/dataset_v3/train/brake_pad/brake_pad_train_005_9b0558914b0de3a6.jpg,9b0558914b0de3a6fb9a550c928b032ca538a4078a08d35e2ad5aa5b5a2bc144,dataset-v3-split-v1,10d2e56d862fa99b53db8bbb839e0643c2e3caf37424f554f3d28d0bde696d31,gpiosenka/car-parts-40-classes,car parts 50,train,False,deterministic_group_aware_60_10_10_original_source_split_ignored
kaggle_cfcc4bf59251bbd0,brake_pad,kaggle50:brake_pad:kaggle_cfcc4bf59251bbd0,train,6,data/images/dataset_v3/train/brake_pad/brake_pad_train_006_cfcc4bf59251bbd0.jpg,cfcc4bf59251bbd0c1cd3d7c241c11c36d4aa31b243e565d0c5e2061a5e0b681,dataset-v3-split-v1,11bff7012a46d26ad129dcd4bf4860dba71569aff2a8ae8c71ca7d2f5812c6cd,gpiosenka/car-parts-40-classes,car parts 50,train,False,deterministic_group_aware_60_10_10_original_source_split_ignored
kaggle_81315b9b0444d007,brake_pad,kaggle50:brake_pad:kaggle_81315b9b0444d007,train,7,data/images/dataset_v3/train/brake_pad/brake_pad_train_007_81315b9b0444d007.jpg,81315b9b0444d0077ce77b792ee2c6ea7e52d9ccd69a5df28bfa2ff31d9ee9a8,dataset-v3-split-v1,1b9e2d39b328cf377429c58c4cc29404ceed9c0537f57adc38a32a86a04c60d9,gpiosenka/car-parts-40-classes,car parts 50,train,False,deterministic_group_aware_60_10_10_original_source_split_ignored
kaggle_0ec568bef9a9dbd2,brake_pad,kaggle50:brake_pad:kaggle_0ec568bef9a9dbd2,train,8,data/images/dataset_v3/train/brake_pad/brake_pad_train_008_0ec568bef9a9dbd2.jpg,0ec568bef9a9dbd2ba5ff0b5a1225c176e929bb22cc9628eb175092725c261f0,dataset-v3-split-v1,20732158f24f92f749541c25777dae5492c7ce9eb45b404c89eb0129520193f9,gpiosenka/car-parts-40-classes,car parts 50,train,False,deterministic_group_aware_60_10_10_original_source_split_ignored
kaggle_9c8144106be8c164,brake_pad,kaggle50:brake_pad:kaggle_9c8144106be8c164,train,9,data/images/dataset_v3/train/brake_pad/brake_pad_train_009_9c8144106be8c164.jpg,9c8144106be8c16483ad6ef7f23e4852409b19098f3b9d949ab71824f788f602,dataset-v3-split-v1,28f1c424b8c4f921964a8f42e3250038a34d9d3ba348a19ac12f1ed116b6a68e,gpiosenka/car-parts-40-classes,car parts 50,train,False,deterministic_group_aware_60_10_10_original_source_split_ignored
kaggle_cf2b2a9ecf1a7c8f,brake_pad,kaggle50:brake_pad:kaggle_cf2b2a9ecf1a7c8f,train,10,data/images/dataset_v3/train/brake_pad/brake_pad_train_010_cf2b2a9ecf1a7c8f.jpg,cf2b2a9ecf1a7c8f7acab50a030338c96b8492a93c5c0da9139425636ac1e531,dataset-v3-split-v1,29f4f1d0b4b0d582077c8e239df2fac9c3eac4e6fcc6607b9321950c494f2dd4,gpiosenka/car-parts-40-classes,car parts 50,train,False,deterministic_group_aware_60_10_10_original_source_split_ignored
kaggle_dbdec27df43c8ec4,brake_pad,kaggle50:brake_pad:kaggle_dbdec27df43c8ec4,train,11,data/images/dataset_v3/train/brake_pad/brake_pad_train_011_dbdec27df43c8ec4.jpg,dbdec27df43c8ec4e43351fa6f595c410b09d4a1b9a76a1ffba848122c3200a1,dataset-v3-split-v1,2d84069ebfb7a73bb5cda4d9034649ecd9a69afc24ea3302bd32c82742d6a706,gpiosenka/car-parts-40-classes,car parts 50,train,False,deterministic_group_aware_60_10_10_original_source_split_ignored
kaggle_934970409fad7513,brake_pad,kaggle50:brake_pad:kaggle_934970409fad7513,train,12,data/images/dataset_v3/train/brake_pad/brake_pad_train_012_934970409fad7513.jpg,934970409fad751353c6e7bc258c8027a392dd173a17a1fb4bb1960626eeec28,dataset-v3-split-v1,311d16ff47c56c4fe27ce7aa239ab64db6b96fdbbe1c5442eb837f7ad3d7d490,gpiosenka/car-parts-40-classes,car parts 50,train,False,deterministic_group_aware_60_10_10_original_source_split_ignored
kaggle_566831d983880f86,brake_pad,kaggle50:brake_pad:kaggle_566831d983880f86,train,13,data/images/dataset_v3/train/brake_pad/brake_pad_train_013_566831d983880f86.jpg,566831d983880f8623274f55622271e2c96c17626d7ae1706520e9733f1ef622,dataset-v3-split-v1,320764b626e0f57a24c2307613cd7c975680ce2d1dea7b1e9ac65e2716c0c1ab,gpiosenka/car-parts-40-classes,car parts 50,train,False,deterministic_group_aware_60_10_10_original_source_split_ignored
kaggle_972383e327918b6f,brake_pad,kaggle50:brake_pad:kaggle_972383e327918b6f,train,14,data/images/dataset_v3/train/brake_pad/brake_pad_train_014_972383e327918b6f.jpg,972383e327918b6fd22c338f64e4493e31f6a6f98c72c9291e1a9a71163e3a9d,dataset-v3-split-v1,3384641076a55aa0fad447c18da2c5e69e325695c796aa79f9e085fe952d08d0,gpiosenka/car-parts-40-classes,car parts 50,train,False,deterministic_group_aware_60_10_10_original_source_split_ignored
kaggle_612747661c686859,brake_pad,kaggle50:brake_pad:kaggle_612747661c686859,train,15,data/images/dataset_v3/train/brake_pad/brake_pad_train_015_612747661c686859.jpg,612747661c686859915b782add3b15a34d08b4f1df35cf948465c9831ca1ed7d,dataset-v3-split-v1,3775322328a7989bcdebfb314d38d7941322c11a1f3044ce0db9b41f211c2b57,gpiosenka/car-parts-40-classes,car parts 50,train,False,deterministic_group_aware_60_10_10_original_source_split_ignored
kaggle_a8f100a2cba8cb19,brake_pad,kaggle50:brake_pad:kaggle_a8f100a2cba8cb19,train,16,data/images/dataset_v3/train/brake_pad/brake_pad_train_016_a8f100a2cba8cb19.jpg,a8f100a2cba8cb19d461819cdecf1d34886f37666ec7d9fa200cceae36ea8576,dataset-v3-split-v1,39682404e726425a246a902949f9a77e531483311b89999c4199b8d82fd1606d,gpiosenka/car-parts-40-classes,car parts 50,train,False,deterministic_group_aware_60_10_10_original_source_split_ignored
kaggle_4e645c3d6f9e582f,brake_pad,kaggle50:brake_pad:kaggle_4e645c3d6f9e582f,train,17,data/images/dataset_v3/train/brake_pad/brake_pad_train_017_4e645c3d6f9e582f.jpg,4e645c3d6f9e582f72950940e4f86549badcbf9939637f417b97ed4013740877,dataset-v3-split-v1,406cf434688022fecea86d7cbc0b9151bfb54793d5899519e49ad8f385e8a76d,gpiosenka/car-parts-40-classes,car parts 50,train,False,deterministic_group_aware_60_10_10_original_source_split_ignored
kaggle_4121f6dc9a489dbe,brake_pad,kaggle50:brake_pad:kaggle_4121f6dc9a489dbe,train,18,data/images/dataset_v3/train/brake_pad/brake_pad_train_018_4121f6dc9a489dbe.jpg,4121f6dc9a489dbea457a86ba5f79df33f16c9b98417302992e28a960d7074ac,dataset-v3-split-v1,40856e2572de214da858bb4b8d6be900952a1ce6ac1a6bfd6551625d16032116,gpiosenka/car-parts-40-classes,car parts 50,train,False,deterministic_group_aware_60_10_10_original_source_split_ignored
kaggle_43ac97f4a8cf73db,brake_pad,kaggle50:brake_pad:kaggle_43ac97f4a8cf73db,train,19,data/images/dataset_v3/train/brake_pad/brake_pad_train_019_43ac97f4a8cf73db.jpg,43ac97f4a8cf73dbd410d2df618f32969fd1e42404f670990184c51d8b1288cc,dataset-v3-split-v1,46de3110178242f01b2c153b46346dda499de465666a31d6e46816c7d5117ba4,gpiosenka/car-parts-40-classes,car parts 50,train,False,deterministic_group_aware_60_10_10_original_source_split_ignored
kaggle_5570178e33573f68,brake_pad,kaggle50:brake_pad:kaggle_5570178e33573f68,train,20,data/images/dataset_v3/train/brake_pad/brake_pad_train_020_5570178e33573f68.jpg,5570178e33573f68dfa2cb8b01cf17f4d7b41c11dbd503f65136f490863daa0e,dataset-v3-split-v1,4c408841de70f20e6f16855b3afe9365e0bbd3afd32b4e4a1b507e60159d3b41,gpiosenka/car-parts-40-classes,car parts 50,train,False,deterministic_group_aware_60_10_10_original_source_split_ignored
kaggle_c97e750f19748e4b,brake_pad,kaggle50:brake_pad:kaggle_c97e750f19748e4b,train,21,data/images/dataset_v3/train/brake_pad/brake_pad_train_021_c97e750f19748e4b.jpg,c97e750f19748e4b2dfe34af8fced4f0d1daca7d68dacb53bb94331df3e41664,dataset-v3-split-v1,4e17f654bf32dd04fb0ef298843578ae468542be5e58ffad3e3d0874ff4ab58b,gpiosenka/car-parts-40-classes,car parts 50,train,False,deterministic_group_aware_60_10_10_original_source_split_ignored
kaggle_d9fefa679e7067eb,brake_pad,kaggle50:brake_pad:kaggle_d9fefa679e7067eb,train,22,data/images/dataset_v3/train/brake_pad/brake_pad_train_022_d9fefa679e7067eb.jpg,d9fefa679e7067eb75555491b4fed81396e1ef8f90a9457a7ada6ad9223fee89,dataset-v3-split-v1,4f156c96ddf0253d709417d10617985896977ecd84055ab01a32e0634bcc0a4b,gpiosenka/car-parts-40-classes,car parts 50,train,False,deterministic_group_aware_60_10_10_original_source_split_ignored
kaggle_2a9a54b130950c42,brake_pad,kaggle50:brake_pad:kaggle_2a9a54b130950c42,train,23,data/images/dataset_v3/train/brake_pad/brake_pad_train_023_2a9a54b130950c42.jpg,2a9a54b130950c42dab39d3f4d389e5f2f8ab2fa7c90035b53415ccfb0f902ed,dataset-v3-split-v1,540b31a0c65160586eaa383ab2f5d7f9a0ab4043f969e598a706f5d2f808deaa,gpiosenka/car-parts-40-classes,car parts 50,train,False,deterministic_group_aware_60_10_10_original_source_split_ignored
kaggle_87e494242ae3683f,brake_pad,kaggle50:brake_pad:kaggle_87e494242ae3683f,train,24,data/images/dataset_v3/train/brake_pad/brake_pad_train_024_87e494242ae3683f.jpg,87e494242ae3683f321b97359fb1eae26009348c3a4c4d7cacc721bfce1675b8,dataset-v3-split-v1,569a3f72840f4586a650d0ee7e8f44445b032025f4e77b447e5aa1146bd90cde,gpiosenka/car-parts-40-classes,car parts 50,train,False,deterministic_group_aware_60_10_10_original_source_split_ignored
kaggle_767b76411a5772b7,brake_pad,kaggle50:brake_pad:kaggle_767b76411a5772b7,train,25,data/images/dataset_v3/train/brake_pad/brake_pad_train_025_767b76411a5772b7.jpg,767b76411a5772b72264b9ab5dc60c7832e6b6c1e1ebf773577e8c1a1e1e1907,dataset-v3-split-v1,5a00f3aaab51189f3a2f830b9ebc8179cbdf1c8ade251b56592b8524e0f9559a,gpiosenka/car-parts-40-classes,car parts 50,train,False,deterministic_group_aware_60_10_10_original_source_split_ignored
kaggle_b30cda9d2db7a843,brake_pad,kaggle50:brake_pad:kaggle_b30cda9d2db7a843,train,26,data/images/dataset_v3/train/brake_pad/brake_pad_train_026_b30cda9d2db7a843.jpg,b30cda9d2db7a843698419f8e76c1baa11178f07169ab6278069ca59995a4b12,dataset-v3-split-v1,5ddd177958c3c8c8c25c2fd07817ef77d8b2cb360019d2a46a91849d1ede88c0,gpiosenka/car-parts-40-classes,car parts 50,train,False,deterministic_group_aware_60_10_10_original_source_split_ignored
kaggle_a808d739d7768fb9,brake_pad,kaggle50:brake_pad:kaggle_a808d739d7768fb9,train,27,data/images/dataset_v3/train/brake_pad/brake_pad_train_027_a808d739d7768fb9.jpg,a808d739d7768fb9276c792abf998ee899e5c3ad49bd0abedc9965a15d663d91,dataset-v3-split-v1,5de5801e692c3267df8a38c0dbb4708228d7e55985905229f82cb522f96e00aa,gpiosenka/car-parts-40-classes,car parts 50,train,False,deterministic_group_aware_60_10_10_original_source_split_ignored
kaggle_bcfd462f2a5e53e6,brake_pad,kaggle50:brake_pad:kaggle_bcfd462f2a5e53e6,train,28,data/images/dataset_v3/train/brake_pad/brake_pad_train_028_bcfd462f2a5e53e6.jpg,bcfd462f2a5e53e6f58aa45c771c285106484547a75ea197d52b13b50de1b4c3,dataset-v3-split-v1,68528f19125f1afe294cca04f83c3c5eadfde729ac4b429117cc8d525be88d76,gpiosenka/car-parts-40-classes,car parts 50,train,False,deterministic_group_aware_60_10_10_original_source_split_ignored
kaggle_a51c80e61abbfdeb,brake_pad,kaggle50:brake_pad:kaggle_a51c80e61abbfdeb,train,29,data/images/dataset_v3/train/brake_pad/brake_pad_train_029_a51c80e61abbfdeb.jpg,a51c80e61abbfdebc6531b937d60116c4ea4ed24239f27533d44a99cc47dee59,dataset-v3-split-v1,69e4bcba9264d02fe029b6093857d127df90d15061b8a7a7619d584d06d3f09a,gpiosenka/car-parts-40-classes,car parts 50,train,False,deterministic_group_aware_60_10_10_original_source_split_ignored
kaggle_62912cd948b3e260,brake_pad,kaggle50:brake_pad:kaggle_62912cd948b3e260,train,30,data/images/dataset_v3/train/brake_pad/brake_pad_train_030_62912cd948b3e260.jpg,62912cd948b3e260028978ad0ad9dae3ff22ea9772749bc218e38eaa57d222d6,dataset-v3-split-v1,6e754db97966878c5ac581e0ebc0282d0d3aa205a6297865aed7336585e0c585,gpiosenka/car-parts-40-classes,car parts 50,train,False,deterministic_group_aware_60_10_10_original_source_split_ignored
kaggle_09e1e7d0e88c616c,brake_pad,kaggle50:brake_pad:kaggle_09e1e7d0e88c616c,train,31,data/images/dataset_v3/train/brake_pad/brake_pad_train_031_09e1e7d0e88c616c.jpg,09e1e7d0e88c616cc469779f2343134943231f4cd7bff91b8c751b3e3bff1d5a,dataset-v3-split-v1,6fe96035fc3de753e74c52066a056ca6882e35cb3be625454cdf1c46c55a0351,gpiosenka/car-parts-40-classes,car parts 50,train,False,deterministic_group_aware_60_10_10_original_source_split_ignored
kaggle_07329aae6c5b8818,brake_pad,kaggle50:brake_pad:kaggle_07329aae6c5b8818,train,32,data/images/dataset_v3/train/brake_pad/brake_pad_train_032_07329aae6c5b8818.jpg,07329aae6c5b88189d8d86d81c54ca86a55516ddcc66d299d6e03edebe3bd3d6,dataset-v3-split-v1,712b1b72a76111cc0afafe51e09a5896b424295947159bf11f53283bd574a6ac,gpiosenka/car-parts-40-classes,car parts 50,train,False,deterministic_group_aware_60_10_10_original_source_split_ignored
kaggle_525be61392394baf,brake_pad,kaggle50:brake_pad:kaggle_525be61392394baf,train,33,data/images/dataset_v3/train/brake_pad/brake_pad_train_033_525be61392394baf.jpg,525be61392394baf9e4c7e4a9a8164ac115132526c76cc7dab4f4bcf34b4c117,dataset-v3-split-v1,72b5cd8056da1e04fe51251bb81420cbc5f1c7c9e2518cf5d4baf542fbd1858d,gpiosenka/car-parts-40-classes,car parts 50,train,False,deterministic_group_aware_60_10_10_original_source_split_ignored
kaggle_4bbf94a2d168e15f,brake_pad,kaggle50:brake_pad:kaggle_4bbf94a2d168e15f,train,34,data/images/dataset_v3/train/brake_pad/brake_pad_train_034_4bbf94a2d168e15f.jpg,4bbf94a2d168e15fab4f068abaa109755b692550c2f818d022fe72c9e6285b64,dataset-v3-split-v1,734f0442fa7ad1602ba8745b55803e6891f501231ef9b1228f6d4fbb1f02777b,gpiosenka/car-parts-40-classes,car parts 50,train,False,deterministic_group_aware_60_10_10_original_source_split_ignored
kaggle_0ea69f771799f672,brake_pad,kaggle50:brake_pad:kaggle_0ea69f771799f672,train,35,data/images/dataset_v3/train/brake_pad/brake_pad_train_035_0ea69f771799f672.jpg,0ea69f771799f672afdf7e65c39f45bc479e9337c7e2cd79f9b10a086901c6a7,dataset-v3-split-v1,825527a283ac774246b8a4df21de0b4d63463bea04c6f5ab9a919a9ec4abd2a8,gpiosenka/car-parts-40-classes,car parts 50,train,False,deterministic_group_aware_60_10_10_original_source_split_ignored
kaggle_231ac389c658a15b,brake_pad,kaggle50:brake_pad:kaggle_231ac389c658a15b,train,36,data/images/dataset_v3/train/brake_pad/brake_pad_train_036_231ac389c658a15b.jpg,231ac389c658a15bbe776096e927df374c8af08b709fb61bd9efff7a4e6963e4,dataset-v3-split-v1,83b4363c6e86b611fd24f20793b104b723415c7a4e66a5375b296e33ae9be143,gpiosenka/car-parts-40-classes,car parts 50,train,False,deterministic_group_aware_60_10_10_original_source_split_ignored
kaggle_58317b192c95d7b1,brake_pad,kaggle50:brake_pad:kaggle_58317b192c95d7b1,train,37,data/images/dataset_v3/train/brake_pad/brake_pad_train_037_58317b192c95d7b1.jpg,58317b192c95d7b1292b9895e6a9dd74f23be9f689d3c0f2e51eadf81256262d,dataset-v3-split-v1,8599e80eabacc857e613b7eabf7985b999d7fe457a5c9eaab4e547495790c901,gpiosenka/car-parts-40-classes,car parts 50,train,False,deterministic_group_aware_60_10_10_original_source_split_ignored
kaggle_523fee3a9e2b6831,brake_pad,kaggle50:brake_pad:kaggle_523fee3a9e2b6831,train,38,data/images/dataset_v3/train/brake_pad/brake_pad_train_038_523fee3a9e2b6831.jpg,523fee3a9e2b6831daf2ee1804330e7b4840910380848d810cef1366a08495c9,dataset-v3-split-v1,86e1309cdc6db200968a92c6d58f66e13cca92be61c38115257bd14cdd946c3c,gpiosenka/car-parts-40-classes,car parts 50,train,False,deterministic_group_aware_60_10_10_original_source_split_ignored
kaggle_f8a44e1ef3235d37,brake_pad,kaggle50:brake_pad:kaggle_f8a44e1ef3235d37,train,39,data/images/dataset_v3/train/brake_pad/brake_pad_train_039_f8a44e1ef3235d37.jpg,f8a44e1ef3235d3772c7d6925146e33845a6d6b59cc522c29ce8b0c62bc7fbdc,dataset-v3-split-v1,8a4f8a0a5bb3ad833d86811864bf95593c4ca2e2b6802a453b30d3445fe2d0af,gpiosenka/car-parts-40-classes,car parts 50,test,False,deterministic_group_aware_60_10_10_original_source_split_ignored
kaggle_21113e2531459648,brake_pad,kaggle50:brake_pad:kaggle_21113e2531459648,train,40,data/images/dataset_v3/train/brake_pad/brake_pad_train_040_21113e2531459648.jpg,21113e2531459648678ff60d4ed97c7c5c287b6a5dd0bff1e8490b8b78557236,dataset-v3-split-v1,8d7cf913edd41bd3c7a3db43eb6ae7e1a8ce09f0211bdd25648a2e1e4b61e110,gpiosenka/car-parts-40-classes,car parts 50,train,False,deterministic_group_aware_60_10_10_original_source_split_ignored
kaggle_784496dfe35ca060,brake_pad,kaggle50:brake_pad:kaggle_784496dfe35ca060,train,41,data/images/dataset_v3/train/brake_pad/brake_pad_train_041_784496dfe35ca060.jpg,784496dfe35ca0604ea231187c8b03dc8ad62df05698b4ca9a18ef44b7cde102,dataset-v3-split-v1,8f2c277eb81b39daf821fbc7006ed8d5f4f199c2be0ba2250d69e119dbea8070,gpiosenka/car-parts-40-classes,car parts 50,train,False,deterministic_group_aware_60_10_10_original_source_split_ignored
kaggle_fb33911baf3bca56,brake_pad,kaggle50:brake_pad:kaggle_fb33911baf3bca56,train,42,data/images/dataset_v3/train/brake_pad/brake_pad_train_042_fb33911baf3bca56.jpg,fb33911baf3bca5624e6254db4e0a4c5859e4f4437c45a37e4e16a520e2054a8,dataset-v3-split-v1,8fffedbe8dc61f71967831b1bcb97b8aac28fca37a6cdd6a98fee60f3e6d88eb,gpiosenka/car-parts-40-classes,car parts 50,train,False,deterministic_group_aware_60_10_10_original_source_split_ignored
kaggle_a65b16bca8ebd229,brake_pad,kaggle50:brake_pad:kaggle_a65b16bca8ebd229,train,43,data/images/dataset_v3/train/brake_pad/brake_pad_train_043_a65b16bca8ebd229.jpg,a65b16bca8ebd22937541d9129e9759fdfd341662e41a3952d8f2c79b1a05fc5,dataset-v3-split-v1,91865ab0874c5c87b97fce423f652cc36f5a647817104e764278e9c8b15aebcd,gpiosenka/car-parts-40-classes,car parts 50,train,False,deterministic_group_aware_60_10_10_original_source_split_ignored
kaggle_d1223f1ba5f77c51,brake_pad,kaggle50:brake_pad:kaggle_d1223f1ba5f77c51,train,44,data/images/dataset_v3/train/brake_pad/brake_pad_train_044_d1223f1ba5f77c51.jpg,d1223f1ba5f77c5108948987cc020de359ba995e7e39d8d195bbc5041c7e4266,dataset-v3-split-v1,978ac40598685aeae8a0f05cfe4802d827e885ca47a352abf92714f56bba7620,gpiosenka/car-parts-40-classes,car parts 50,train,False,deterministic_group_aware_60_10_10_original_source_split_ignored
kaggle_ff9c7f7e7aeb5ca0,brake_pad,kaggle50:brake_pad:kaggle_ff9c7f7e7aeb5ca0,train,45,data/images/dataset_v3/train/brake_pad/brake_pad_train_045_ff9c7f7e7aeb5ca0.jpg,ff9c7f7e7aeb5ca0e3f89f28de58be1ddb73813d53d47d6f93c4074d1428526f,dataset-v3-split-v1,98f17ba63c9f45956407cad431e1fc35e53a6273a97cad6933bff8e0da702d14,gpiosenka/car-parts-40-classes,car parts 50,train,False,deterministic_group_aware_60_10_10_original_source_split_ignored
kaggle_f0e613cf79aedbec,brake_pad,kaggle50:brake_pad:kaggle_f0e613cf79aedbec,train,46,data/images/dataset_v3/train/brake_pad/brake_pad_train_046_f0e613cf79aedbec.jpg,f0e613cf79aedbec03cb8c9e018376120f13f45feca301cda99cd4929556e834,dataset-v3-split-v1,9bf04865510f9877f1937727625d45a54c2e5e265b07d771a8978738bdf576e3,gpiosenka/car-parts-40-classes,car parts 50,train,False,deterministic_group_aware_60_10_10_original_source_split_ignored
kaggle_bb2e84210cd88852,brake_pad,kaggle50:brake_pad:kaggle_bb2e84210cd88852,train,47,data/images/dataset_v3/train/brake_pad/brake_pad_train_047_bb2e84210cd88852.jpg,bb2e84210cd88852db0492488f7ba559b7e49aeab5f8fec3c561fc022c909c78,dataset-v3-split-v1,9d7dfef73f278445abb4a0a00caf153bd465b3b30b97038352cb807e3533cb27,gpiosenka/car-parts-40-classes,car parts 50,train,False,deterministic_group_aware_60_10_10_original_source_split_ignored
kaggle_44350582745f18fb,brake_pad,kaggle50:brake_pad:kaggle_44350582745f18fb,train,48,data/images/dataset_v3/train/brake_pad/brake_pad_train_048_44350582745f18fb.jpg,44350582745f18fbe25392634db6fe6b653bcfd1051fbf6a60148108c5609e95,dataset-v3-split-v1,a08a3254316a3c9b291f534e33bf79528b9a5addbda65cd27c493738caf534f5,gpiosenka/car-parts-40-classes,car parts 50,train,False,deterministic_group_aware_60_10_10_original_source_split_ignored
kaggle_140ec6d943dc3ba2,brake_pad,kaggle50:brake_pad:kaggle_140ec6d943dc3ba2,train,49,data/images/dataset_v3/train/brake_pad/brake_pad_train_049_140ec6d943dc3ba2.jpg,140ec6d943dc3ba2d73f6b09b5fae8f144018a6911d382e6d4b11984863f18bf,dataset-v3-split-v1,a54782456bd342ff9e0381b5076a8ee767f0807dcf89621b5fa00c46f8817735,gpiosenka/car-parts-40-classes,car parts 50,train,False,deterministic_group_aware_60_10_10_original_source_split_ignored
kaggle_fb53e0d7187b6384,brake_pad,kaggle50:brake_pad:kaggle_fb53e0d7187b6384,train,50,data/images/dataset_v3/train/brake_pad/brake_pad_train_050_fb53e0d7187b6384.jpg,fb53e0d7187b6384bb58e4f893889b241525cf223efeaef68282451243922be5,dataset-v3-split-v1,ab27779abfd6e5491c2b42b16a411a1c9eb370712b1d5e0adb911ff46ff95f6e,gpiosenka/car-parts-40-classes,car parts 50,validation,False,deterministic_group_aware_60_10_10_original_source_split_ignored
kaggle_9725a210fc1331d5,brake_pad,kaggle50:brake_pad:kaggle_9725a210fc1331d5,train,51,data/images/dataset_v3/train/brake_pad/brake_pad_train_051_9725a210fc1331d5.jpg,9725a210fc1331d547e714d18c8ea751bbee42ce77c8f2873e0204998d6cde8c,dataset-v3-split-v1,abaa306794b71dcdb9b8615407a00b0d9e4fd1b19b21552500ea72f4e2d7cdb3,gpiosenka/car-parts-40-classes,car parts 50,train,False,deterministic_group_aware_60_10_10_original_source_split_ignored
kaggle_7614861d6846c2f9,brake_pad,kaggle50:brake_pad:kaggle_7614861d6846c2f9,train,52,data/images/dataset_v3/train/brake_pad/brake_pad_train_052_7614861d6846c2f9.jpg,7614861d6846c2f98a8fdbeaacd4c02e15285db9b38b1a255dc5ea217ba97dfd,dataset-v3-split-v1,b0ff6340777992372e6c82d958099ff163e99884ab104e808536d6dc0f7842a8,gpiosenka/car-parts-40-classes,car parts 50,train,False,deterministic_group_aware_60_10_10_original_source_split_ignored
kaggle_1762175ec28c5d57,brake_pad,kaggle50:brake_pad:kaggle_1762175ec28c5d57,train,53,data/images/dataset_v3/train/brake_pad/brake_pad_train_053_1762175ec28c5d57.jpg,1762175ec28c5d578079bb24753f9e12f5f32b91c02b9ae06d95f8d0f59edc6e,dataset-v3-split-v1,b2ef987c72e2228b6eb7a6904a8adf678b9693b59c590e8148aaa005b32a3c3c,gpiosenka/car-parts-40-classes,car parts 50,train,False,deterministic_group_aware_60_10_10_original_source_split_ignored
kaggle_680a2bc1c1901f2c,brake_pad,kaggle50:brake_pad:kaggle_680a2bc1c1901f2c,train,54,data/images/dataset_v3/train/brake_pad/brake_pad_train_054_680a2bc1c1901f2c.jpg,680a2bc1c1901f2c8fda3879316afc751f5d936ad833f8fd49fd7e511439526e,dataset-v3-split-v1,b6a2b98c57f0e804dfd64025373086f7112dbc192d1d618f328ec722d9892724,gpiosenka/car-parts-40-classes,car parts 50,train,False,deterministic_group_aware_60_10_10_original_source_split_ignored
kaggle_1cca1e6eaa1b9eed,brake_pad,kaggle50:brake_pad:kaggle_1cca1e6eaa1b9eed,train,55,data/images/dataset_v3/train/brake_pad/brake_pad_train_055_1cca1e6eaa1b9eed.jpg,1cca1e6eaa1b9eed8c9af00211411a9f4934dc649b45ef396d54bbff4b0e600e,dataset-v3-split-v1,b7e917ccf13d9b1dea2117d12f814939527a18ba4d7358cb195ffb65adaa12db,gpiosenka/car-parts-40-classes,car parts 50,train,False,deterministic_group_aware_60_10_10_original_source_split_ignored
kaggle_69f8d8d73cb2bf49,brake_pad,kaggle50:brake_pad:kaggle_69f8d8d73cb2bf49,train,56,data/images/dataset_v3/train/brake_pad/brake_pad_train_056_69f8d8d73cb2bf49.jpg,69f8d8d73cb2bf4917b095a32c791ade75dd6a16f176ea57445c01405f886f5a,dataset-v3-split-v1,bbb8ca3e59c805893e6484313b32c56a3f49f3d5ce5a5ce05403bacc1261f775,gpiosenka/car-parts-40-classes,car parts 50,train,False,deterministic_group_aware_60_10_10_original_source_split_ignored
kaggle_39790a2d79bf104c,brake_pad,kaggle50:brake_pad:kaggle_39790a2d79bf104c,train,57,data/images/dataset_v3/train/brake_pad/brake_pad_train_057_39790a2d79bf104c.jpg,39790a2d79bf104cf96d2f4b6ebe468051553b05c26f5988e920c9b28d6c684d,dataset-v3-split-v1,bd6fc7604c2356124e960c807d909e20ef246f8e45f48f0298c557a6a51ab9d2,gpiosenka/car-parts-40-classes,car parts 50,train,False,deterministic_group_aware_60_10_10_original_source_split_ignored
kaggle_8c239f38cc4355dc,brake_pad,kaggle50:brake_pad:kaggle_8c239f38cc4355dc,train,58,data/images/dataset_v3/train/brake_pad/brake_pad_train_058_8c239f38cc4355dc.jpg,8c239f38cc4355dccbd5998499de3f50e5350542f51c6161819dd97351dce943,dataset-v3-split-v1,be15e0d137b44db1dd07af86ab5cc6f93c98c9e63ce9a4a147e17649ebee6280,gpiosenka/car-parts-40-classes,car parts 50,train,False,deterministic_group_aware_60_10_10_original_source_split_ignored
kaggle_1d30f3f93637689f,brake_pad,kaggle50:brake_pad:kaggle_1d30f3f93637689f,train,59,data/images/dataset_v3/train/brake_pad/brake_pad_train_059_1d30f3f93637689f.jpg,1d30f3f93637689ff44a1bd4c69b4e7202c5609ab4157daa8d6e4598f3af87fd,dataset-v3-split-v1,c01d252c30a674c7f8de5af99af9b494c534e9fb4652a4a86d959f8cdb9fb664,gpiosenka/car-parts-40-classes,car parts 50,train,False,deterministic_group_aware_60_10_10_original_source_split_ignored
kaggle_3acddfb726207124,brake_pad,kaggle50:brake_pad:kaggle_3acddfb726207124,train,60,data/images/dataset_v3/train/brake_pad/brake_pad_train_060_3acddfb726207124.jpg,3acddfb7262071248f66bedb95dddf6d1bfe1b45964118d8aed46d4bf62163c4,dataset-v3-split-v1,c2795e731adccb03a381b489167d6d7f0397efc681b1daa2347d4471948da400,gpiosenka/car-parts-40-classes,car parts 50,train,False,deterministic_group_aware_60_10_10_original_source_split_ignored
kaggle_a28c900d9cbcd177,coil_spring,kaggle50:coil_spring:kaggle_a28c900d9cbcd177,train,1,data/images/dataset_v3/train/coil_spring/coil_spring_train_001_a28c900d9cbcd177.jpg,a28c900d9cbcd1774da48d3260aba60e48034aba83bfc238012089d896d327a8,dataset-v3-split-v1,02a656492fbd59261e97e44e53b70bf3e5794fb915eaa2c8473777554fb12a85,gpiosenka/car-parts-40-classes,car parts 50,train,False,deterministic_group_aware_60_10_10_original_source_split_ignored
kaggle_1a272238f129f526,coil_spring,kaggle50:coil_spring:kaggle_1a272238f129f526,train,2,data/images/dataset_v3/train/coil_spring/coil_spring_train_002_1a272238f129f526.jpg,1a272238f129f5260088a0cbbb261788f48f7813339fb5788ffb5f23d1e30e9f,dataset-v3-split-v1,0433abfdad32c57371c4ca33ae7e3bf3f22d9ca25c0a3fa69cc5004874ad1dac,gpiosenka/car-parts-40-classes,car parts 50,train,False,deterministic_group_aware_60_10_10_original_source_split_ignored
kaggle_a01d6a8ccb69ff35,coil_spring,kaggle50:coil_spring:kaggle_a01d6a8ccb69ff35,train,3,data/images/dataset_v3/train/coil_spring/coil_spring_train_003_a01d6a8ccb69ff35.jpg,a01d6a8ccb69ff3571e55a1093ec61c51e4381b0895eb518f5052ac84938f2d8,dataset-v3-split-v1,07acc00731b2331c365663ffc13d0b616d420eb2f2d06be29439a10fadac9011,gpiosenka/car-parts-40-classes,car parts 50,train,False,deterministic_group_aware_60_10_10_original_source_split_ignored
kaggle_b321c3a1d0b1490b,coil_spring,kaggle50:coil_spring:kaggle_b321c3a1d0b1490b,train,4,data/images/dataset_v3/train/coil_spring/coil_spring_train_004_b321c3a1d0b1490b.jpg,b321c3a1d0b1490b3849aceff8b42d90d591ff016926e1108d67ab6d842e40d4,dataset-v3-split-v1,09527ba9e305b3005a79f9ad8b19aa4ae694464e5dd6c45213b42cd8a1f90c7a,gpiosenka/car-parts-40-classes,car parts 50,train,False,deterministic_group_aware_60_10_10_original_source_split_ignored
kaggle_398577e5322cde15,coil_spring,kaggle50:coil_spring:kaggle_398577e5322cde15,train,5,data/images/dataset_v3/train/coil_spring/coil_spring_train_005_398577e5322cde15.jpg,398577e5322cde158f0be0dd84887aefe1d9d501d1ab6ffda958f69cc07e04ba,dataset-v3-split-v1,0c00357c75e26c1541db3bd7e791378dd8ffe08f7b8ac1df9a81644aebb241ad,gpiosenka/car-parts-40-classes,car parts 50,train,False,deterministic_group_aware_60_10_10_original_source_split_ignored
kaggle_ca433c887ce15bd4,coil_spring,kaggle50:coil_spring:kaggle_ca433c887ce15bd4,train,6,data/images/dataset_v3/train/coil_spring/coil_spring_train_006_ca433c887ce15bd4.jpg,ca433c887ce15bd45a27cff2dfc76c95af7391a6c50fd0f95007d99150457504,dataset-v3-split-v1,11b94885e1ba2c2545036b801f6ab10a104cbd9b09879dec0a3e056fe4c9eebf,gpiosenka/car-parts-40-classes,car parts 50,train,False,deterministic_group_aware_60_10_10_original_source_split_ignored
kaggle_118bdfc90da4f90e,coil_spring,kaggle50:coil_spring:kaggle_118bdfc90da4f90e,train,7,data/images/dataset_v3/train/coil_spring/coil_spring_train_007_118bdfc90da4f90e.jpg,118bdfc90da4f90ecf8a629e17b99c7de3e424171b99217c8df0273a980b71fe,dataset-v3-split-v1,128dec2c0be38601ae3a1e54d2b0e515228d008234b00ab1f5c08176b50ced49,gpiosenka/car-parts-40-classes,car parts 50,train,False,deterministic_group_aware_60_10_10_original_source_split_ignored
kaggle_6eaf02521990cfc1,coil_spring,kaggle50:coil_spring:kaggle_6eaf02521990cfc1,train,8,data/images/dataset_v3/train/coil_spring/coil_spring_train_008_6eaf02521990cfc1.jpg,6eaf02521990cfc1c056db6837d516a83c09ffc4d43555eae2a2b9ea2d469ed3,dataset-v3-split-v1,137304faa5518e8f8ba4e3125c5b17ffddcd1e16ccd5e87b50c0f672abd3a482,gpiosenka/car-parts-40-classes,car parts 50,train,False,deterministic_group_aware_60_10_10_original_source_split_ignored
kaggle_d8baaefa89de359b,coil_spring,kaggle50:coil_spring:kaggle_d8baaefa89de359b,train,9,data/images/dataset_v3/train/coil_spring/coil_spring_train_009_d8baaefa89de359b.jpg,d8baaefa89de359bf5ed0febbe3cb3bcf5a3bff310fdeba82e3a6a6939ee1d42,dataset-v3-split-v1,16cfba6ca30f205a367e5ae166b35205ff1e31278e2f4c1df5d42c5be9f15ca3,gpiosenka/car-parts-40-classes,car parts 50,train,False,deterministic_group_aware_60_10_10_original_source_split_ignored
kaggle_cfabeb285e357a92,coil_spring,kaggle50:coil_spring:kaggle_cfabeb285e357a92,train,10,data/images/dataset_v3/train/coil_spring/coil_spring_train_010_cfabeb285e357a92.jpg,cfabeb285e357a92e92ce7db4c24bf48b5694bef032dd400b0ad95b09a4a2f45,dataset-v3-split-v1,19596e498aa781a1dab81ae77c6d679bae080d6d05c256214b1b62383373be5c,gpiosenka/car-parts-40-classes,car parts 50,train,False,deterministic_group_aware_60_10_10_original_source_split_ignored
kaggle_cef23f168d3e8190,coil_spring,kaggle50:coil_spring:kaggle_cef23f168d3e8190,train,11,data/images/dataset_v3/train/coil_spring/coil_spring_train_011_cef23f168d3e8190.jpg,cef23f168d3e81907287ef2b5f5398cbd9182f5ff0b0cf81a19a5cfbbb31e0cc,dataset-v3-split-v1,1d8fab185e9040b258709b7bbf5cb7a28d6c3456761564f5bb72792f40a9147b,gpiosenka/car-parts-40-classes,car parts 50,train,False,deterministic_group_aware_60_10_10_original_source_split_ignored
kaggle_3275f8a9f87005e8,coil_spring,kaggle50:coil_spring:kaggle_3275f8a9f87005e8,train,12,data/images/dataset_v3/train/coil_spring/coil_spring_train_012_3275f8a9f87005e8.jpg,3275f8a9f87005e83cec3ec45457c5ab71b4b85a3663fa2266dd3c19e0dab418,dataset-v3-split-v1,1f8fcef572c829b5399295bfea709165237692b8dcc68c2966c1d6b0e5c37e37,gpiosenka/car-parts-40-classes,car parts 50,train,False,deterministic_group_aware_60_10_10_original_source_split_ignored
kaggle_7a10ad534722448c,coil_spring,kaggle50:coil_spring:kaggle_7a10ad534722448c,train,13,data/images/dataset_v3/train/coil_spring/coil_spring_train_013_7a10ad534722448c.jpg,7a10ad534722448c203a5db12c303d3d50fdf7233745ab1f23a59fa361ad7837,dataset-v3-split-v1,2186c5f43c25cb7c6f14d78ac379aa988e1df8e6bd92b2400b78e0024b917afe,gpiosenka/car-parts-40-classes,car parts 50,train,False,deterministic_group_aware_60_10_10_original_source_split_ignored
kaggle_0ef2a1ed89414dad,coil_spring,kaggle50:coil_spring:kaggle_0ef2a1ed89414dad,train,14,data/images/dataset_v3/train/coil_spring/coil_spring_train_014_0ef2a1ed89414dad.jpg,0ef2a1ed89414dadaa79cf3fa753e74eaf5d459bad2d684544c3c15a8f1f9a35,dataset-v3-split-v1,29b78dcc7315a4e7481f9cdc4f431db1c278629d37ae4d1439363d0f432572c1,gpiosenka/car-parts-40-classes,car parts 50,train,False,deterministic_group_aware_60_10_10_original_source_split_ignored
kaggle_2f528bb82dfbaf84,coil_spring,kaggle50:coil_spring:kaggle_2f528bb82dfbaf84,train,15,data/images/dataset_v3/train/coil_spring/coil_spring_train_015_2f528bb82dfbaf84.jpg,2f528bb82dfbaf840c8a9915c272c7b83f326b4829ac1b8dfb33df590a764ba6,dataset-v3-split-v1,29f87b7be849e26bb0e7a35fd42b36321c9ddbe951e101e60cf9f0561dce7fcd,gpiosenka/car-parts-40-classes,car parts 50,train,False,deterministic_group_aware_60_10_10_original_source_split_ignored
kaggle_35f0fbd465a41ce3,coil_spring,kaggle50:coil_spring:kaggle_35f0fbd465a41ce3,train,16,data/images/dataset_v3/train/coil_spring/coil_spring_train_016_35f0fbd465a41ce3.jpg,35f0fbd465a41ce35a571534d23a98e05b993a266874d0265c56f5f46f6f1313,dataset-v3-split-v1,345f6c7e63f91e72494a3bd24b0c88890d9c154c327c1a8e5737aa4aa494f7a9,gpiosenka/car-parts-40-classes,car parts 50,train,False,deterministic_group_aware_60_10_10_original_source_split_ignored
kaggle_468673eab5582897,coil_spring,kaggle50:coil_spring:kaggle_468673eab5582897,train,17,data/images/dataset_v3/train/coil_spring/coil_spring_train_017_468673eab5582897.jpg,468673eab5582897d6b1157634c450f6db32ce12111119e1c99ddf5b40afad8b,dataset-v3-split-v1,3a03ae674e81c23e78dea5d4b583ffb1fce434ae205612d8067a91dd795e702e,gpiosenka/car-parts-40-classes,car parts 50,train,False,deterministic_group_aware_60_10_10_original_source_split_ignored
kaggle_2de5803184d8a558,coil_spring,kaggle50:coil_spring:kaggle_2de5803184d8a558,train,18,data/images/dataset_v3/train/coil_spring/coil_spring_train_018_2de5803184d8a558.jpg,2de5803184d8a558f0f1b96a40c612e8e99e1d6407a21e66d6dcdb1d155d1b3e,dataset-v3-split-v1,3c4268ae55ec80f2723682986ba8f2d23ba042db8b0232f2859505fcadfc94b6,gpiosenka/car-parts-40-classes,car parts 50,train,False,deterministic_group_aware_60_10_10_original_source_split_ignored
kaggle_68536abaf9fae79a,coil_spring,kaggle50:coil_spring:kaggle_68536abaf9fae79a,train,19,data/images/dataset_v3/train/coil_spring/coil_spring_train_019_68536abaf9fae79a.jpg,68536abaf9fae79aa697bcc4a3fba7ce1a63524bda8e9c2d284c6d7c0fb92a2b,dataset-v3-split-v1,3d775c488d51b709f11a8b3350ad00d01ccba8c368454e42ccaaca5bc28cb1e9,gpiosenka/car-parts-40-classes,car parts 50,train,False,deterministic_group_aware_60_10_10_original_source_split_ignored
kaggle_9ba96c16677695cd,coil_spring,kaggle50:coil_spring:kaggle_9ba96c16677695cd,train,20,data/images/dataset_v3/train/coil_spring/coil_spring_train_020_9ba96c16677695cd.jpg,9ba96c16677695cdd06d40a1d6dbbd9983f2dd0c795739e371a9677b28630b1d,dataset-v3-split-v1,41e74137e3dd4426545bbbf54e3db3e247de849ba83485f6b7b81093a3a8df3d,gpiosenka/car-parts-40-classes,car parts 50,train,False,deterministic_group_aware_60_10_10_original_source_split_ignored
kaggle_9d6db20a6f3a112b,coil_spring,kaggle50:coil_spring:kaggle_9d6db20a6f3a112b,train,21,data/images/dataset_v3/train/coil_spring/coil_spring_train_021_9d6db20a6f3a112b.jpg,9d6db20a6f3a112baf9a025a3fb0acc3be4fcab0d362c1c2e747f29677af657f,dataset-v3-split-v1,456673cc1d58b142e94c25f6e48a4f3d6c67b5c5e5a8cf05722d627319c32a61,gpiosenka/car-parts-40-classes,car parts 50,train,False,deterministic_group_aware_60_10_10_original_source_split_ignored
kaggle_179bf75abe725238,coil_spring,kaggle50:coil_spring:kaggle_179bf75abe725238,train,22,data/images/dataset_v3/train/coil_spring/coil_spring_train_022_179bf75abe725238.jpg,179bf75abe725238e525bfaa17c3e20fca6658c0b9711b5d444b1f93399fe75b,dataset-v3-split-v1,45dc884ac67f82f94352684068e97bd68377d063d17fc407d8b3d5531216120d,gpiosenka/car-parts-40-classes,car parts 50,train,False,deterministic_group_aware_60_10_10_original_source_split_ignored
kaggle_da4f683cc0ae5cc9,coil_spring,kaggle50:coil_spring:kaggle_da4f683cc0ae5cc9,train,23,data/images/dataset_v3/train/coil_spring/coil_spring_train_023_da4f683cc0ae5cc9.jpg,da4f683cc0ae5cc93dea2d9d99086965f6ec1727ddb6a5ff46c608cf499fb825,dataset-v3-split-v1,509cf0b6085b6fe1db7bd01e50029bbeae6e9ac51752ef503e3df85b3a3ce8f5,gpiosenka/car-parts-40-classes,car parts 50,train,False,deterministic_group_aware_60_10_10_original_source_split_ignored
kaggle_9ac9d8f04b6a4271,coil_spring,kaggle50:coil_spring:kaggle_9ac9d8f04b6a4271,train,24,data/images/dataset_v3/train/coil_spring/coil_spring_train_024_9ac9d8f04b6a4271.jpg,9ac9d8f04b6a42718a7ec9add1e86ebb6fbb90a4654cf6bdc31fb56439f2a64e,dataset-v3-split-v1,541c8e33beb424b80b55ad90b33703417376ae4360a4295bf4e9f271d304bfcb,gpiosenka/car-parts-40-classes,car parts 50,train,False,deterministic_group_aware_60_10_10_original_source_split_ignored
kaggle_5eeb23c5f051c358,coil_spring,kaggle50:coil_spring:kaggle_5eeb23c5f051c358,train,25,data/images/dataset_v3/train/coil_spring/coil_spring_train_025_5eeb23c5f051c358.jpg,5eeb23c5f051c358c1cca9b76375abc9a8a356d123397eb9443e0cc46b826310,dataset-v3-split-v1,5a8103eec30115c2393619a89d4fdf69c07d27911bc16a4ae769df760c92f321,gpiosenka/car-parts-40-classes,car parts 50,train,False,deterministic_group_aware_60_10_10_original_source_split_ignored
kaggle_182adb89d68c8f3b,coil_spring,kaggle50:coil_spring:kaggle_182adb89d68c8f3b,train,26,data/images/dataset_v3/train/coil_spring/coil_spring_train_026_182adb89d68c8f3b.jpg,182adb89d68c8f3be8fa802da9fb1d1b731bdf682d7be3fcdb25751e8e1632c4,dataset-v3-split-v1,5ee23e20d0c0e26243e2bf70bacdb585332183397edbab45e1a417c189c72268,gpiosenka/car-parts-40-classes,car parts 50,train,False,deterministic_group_aware_60_10_10_original_source_split_ignored
kaggle_1ac9740b325e2eb5,coil_spring,kaggle50:coil_spring:kaggle_1ac9740b325e2eb5,train,27,data/images/dataset_v3/train/coil_spring/coil_spring_train_027_1ac9740b325e2eb5.jpg,1ac9740b325e2eb56654388aba567c3e0dc5630f1f90a3a1d2fa4db4bee8554e,dataset-v3-split-v1,5f5e6a7fb275ba7f68de2290c7789a453e7357c9bbfe7bc6eb758e892978ac98,gpiosenka/car-parts-40-classes,car parts 50,train,False,deterministic_group_aware_60_10_10_original_source_split_ignored
kaggle_5e683cbbfe931471,coil_spring,kaggle50:coil_spring:kaggle_5e683cbbfe931471,train,28,data/images/dataset_v3/train/coil_spring/coil_spring_train_028_5e683cbbfe931471.jpg,5e683cbbfe931471bce13853c923e60d1a07fdff1ec86635449c1b8f0c80a1ff,dataset-v3-split-v1,5f90227981b73214011462366c82efd5433448e0a44829712440cd69a2e5d2fd,gpiosenka/car-parts-40-classes,car parts 50,train,False,deterministic_group_aware_60_10_10_original_source_split_ignored
kaggle_89c4015212b275ad,coil_spring,kaggle50:coil_spring:kaggle_89c4015212b275ad,train,29,data/images/dataset_v3/train/coil_spring/coil_spring_train_029_89c4015212b275ad.jpg,89c4015212b275ad9bfd6fe010b67f2f38b41bcd1349f48e424e6125c17dfdbe,dataset-v3-split-v1,6031faaee4f3015fa2c8d76623e29b1673b8d7bc89d1b21e382aa450fb3ab078,gpiosenka/car-parts-40-classes,car parts 50,train,False,deterministic_group_aware_60_10_10_original_source_split_ignored
kaggle_cac4a7761a3216df,coil_spring,kaggle50:coil_spring:kaggle_cac4a7761a3216df,train,30,data/images/dataset_v3/train/coil_spring/coil_spring_train_030_cac4a7761a3216df.jpg,cac4a7761a3216dfff8ba74f03f69cb914640a47da9071d9038ec6923b8e0690,dataset-v3-split-v1,61a393f1dcfa44b8ac52aefd1bbcc89493c5a14ddc90e63e919ffa7512236cf8,gpiosenka/car-parts-40-classes,car parts 50,train,False,deterministic_group_aware_60_10_10_original_source_split_ignored
kaggle_a4dc5a7e9609b685,coil_spring,kaggle50:coil_spring:kaggle_a4dc5a7e9609b685,train,31,data/images/dataset_v3/train/coil_spring/coil_spring_train_031_a4dc5a7e9609b685.jpg,a4dc5a7e9609b6858a296973baa26a3ca9a5f69efae0ae73d387dbd30f92d14a,dataset-v3-split-v1,63d8c7391efb9ba019b34ff8be80fef851b38a39224780ae46be5d870cd3a67b,gpiosenka/car-parts-40-classes,car parts 50,train,False,deterministic_group_aware_60_10_10_original_source_split_ignored
kaggle_1e96e93b5185689d,coil_spring,kaggle50:coil_spring:kaggle_1e96e93b5185689d,train,32,data/images/dataset_v3/train/coil_spring/coil_spring_train_032_1e96e93b5185689d.jpg,1e96e93b5185689d0d16e78e902877675ec873a9d1b0a02616e5c2dd459fe405,dataset-v3-split-v1,68bf9e74d5f69acad19d2bb5f20a14f629aeb6ddeb9fe914b7a8e396ee25252e,gpiosenka/car-parts-40-classes,car parts 50,train,False,deterministic_group_aware_60_10_10_original_source_split_ignored
kaggle_3e0a7b14babf498d,coil_spring,kaggle50:coil_spring:kaggle_3e0a7b14babf498d,train,33,data/images/dataset_v3/train/coil_spring/coil_spring_train_033_3e0a7b14babf498d.jpg,3e0a7b14babf498dacef9640528474e6276b58cb70e28695dac285360b6f113d,dataset-v3-split-v1,6bea7429409ac074947c182f834b4a7827509c45f4985882766319577e5e6c54,gpiosenka/car-parts-40-classes,car parts 50,train,False,deterministic_group_aware_60_10_10_original_source_split_ignored
kaggle_432f0e4d67ed9a57,coil_spring,kaggle50:coil_spring:kaggle_432f0e4d67ed9a57,train,34,data/images/dataset_v3/train/coil_spring/coil_spring_train_034_432f0e4d67ed9a57.jpg,432f0e4d67ed9a5719b1efb271c98fc3f983dacd12760691f9de6d07b62e2283,dataset-v3-split-v1,6c16554fdea881a187d5be1196798376e54d5fe215b8f49212eafd5513ffaa43,gpiosenka/car-parts-40-classes,car parts 50,train,False,deterministic_group_aware_60_10_10_original_source_split_ignored
kaggle_969f977cb0ec7ec1,coil_spring,kaggle50:coil_spring:kaggle_969f977cb0ec7ec1,train,35,data/images/dataset_v3/train/coil_spring/coil_spring_train_035_969f977cb0ec7ec1.jpg,969f977cb0ec7ec1b5c9d4936e3a707a870ed47f5e9b1b9959b73e630a19f3e5,dataset-v3-split-v1,6cbd5376f4f76e5b15634394c59540f622c9e246aecb63a5444f27ddd5477baf,gpiosenka/car-parts-40-classes,car parts 50,train,False,deterministic_group_aware_60_10_10_original_source_split_ignored
kaggle_53135cb3c358232c,coil_spring,kaggle50:coil_spring:kaggle_53135cb3c358232c,train,36,data/images/dataset_v3/train/coil_spring/coil_spring_train_036_53135cb3c358232c.jpg,53135cb3c358232c7986b615d1242eee2855e4bcf8f4bd458cd121186221262c,dataset-v3-split-v1,6cd05d18d4561b42bcf71116970ead3666cfc3cc3a0c179f47c29d2a95692827,gpiosenka/car-parts-40-classes,car parts 50,train,False,deterministic_group_aware_60_10_10_original_source_split_ignored
kaggle_1741823a0f653f55,coil_spring,kaggle50:coil_spring:kaggle_1741823a0f653f55,train,37,data/images/dataset_v3/train/coil_spring/coil_spring_train_037_1741823a0f653f55.jpg,1741823a0f653f55b63476efb65df04bdacc9eacaa6da05ab3a193ec5b3a0437,dataset-v3-split-v1,700cd942236c1ae1e8010c4d3fae34b0c714d5b0585981647c291402e1832588,gpiosenka/car-parts-40-classes,car parts 50,train,False,deterministic_group_aware_60_10_10_original_source_split_ignored
kaggle_e3ac5ed10adfb10b,coil_spring,kaggle50:coil_spring:kaggle_e3ac5ed10adfb10b,train,38,data/images/dataset_v3/train/coil_spring/coil_spring_train_038_e3ac5ed10adfb10b.jpg,e3ac5ed10adfb10b3ecd06edb800bc3db1137b80f434d7b24bd76589296de284,dataset-v3-split-v1,78d34146fd4176c671429ea903a9b264b41328e942b1faf0828c75609cab3a71,gpiosenka/car-parts-40-classes,car parts 50,train,False,deterministic_group_aware_60_10_10_original_source_split_ignored
kaggle_5abd227d931f0801,coil_spring,kaggle50:coil_spring:kaggle_5abd227d931f0801,train,39,data/images/dataset_v3/train/coil_spring/coil_spring_train_039_5abd227d931f0801.jpg,5abd227d931f08014925a6f851de28d2756e6f2b2c55e64ec80357181d61d393,dataset-v3-split-v1,79557bd477cf0234e1aea6f9e1c2b3adc0e5517568a1225459da9b7710fea079,gpiosenka/car-parts-40-classes,car parts 50,test,False,deterministic_group_aware_60_10_10_original_source_split_ignored
kaggle_2088726160cfc9b0,coil_spring,kaggle50:coil_spring:kaggle_2088726160cfc9b0,train,40,data/images/dataset_v3/train/coil_spring/coil_spring_train_040_2088726160cfc9b0.jpg,2088726160cfc9b07d5080b71c1312e47c6a44e66e4905bd3ee9a51412c9cf3a,dataset-v3-split-v1,7a722a66e9a1cde4847d3a53c2d02039e89273c18bd3f3f843b80f77658a8455,gpiosenka/car-parts-40-classes,car parts 50,train,False,deterministic_group_aware_60_10_10_original_source_split_ignored
kaggle_13f31daa6865aa7e,coil_spring,kaggle50:coil_spring:kaggle_13f31daa6865aa7e,train,41,data/images/dataset_v3/train/coil_spring/coil_spring_train_041_13f31daa6865aa7e.jpg,13f31daa6865aa7ec4e8064a9be68c51556e21e6d0e500d384a921d074449183,dataset-v3-split-v1,831528f3d9de83d4291b10ff4345ffb6b2220ed5e79a514ce5c57813d964a072,gpiosenka/car-parts-40-classes,car parts 50,train,False,deterministic_group_aware_60_10_10_original_source_split_ignored
kaggle_7b7838225155c472,coil_spring,kaggle50:coil_spring:kaggle_7b7838225155c472,train,42,data/images/dataset_v3/train/coil_spring/coil_spring_train_042_7b7838225155c472.jpg,7b7838225155c4727e90aa37327e4a87c3b5602d42d3e929f9888c0208ce8267,dataset-v3-split-v1,8bd3373b62424230cf1258547837ba49762c427aed9cccc81c098058c1d2d244,gpiosenka/car-parts-40-classes,car parts 50,train,False,deterministic_group_aware_60_10_10_original_source_split_ignored
kaggle_b813cb9743f1bc69,coil_spring,kaggle50:coil_spring:kaggle_b813cb9743f1bc69,train,43,data/images/dataset_v3/train/coil_spring/coil_spring_train_043_b813cb9743f1bc69.jpg,b813cb9743f1bc698947ba266d67fcb26ab47f9f98413a87f8b30f30c77b4c11,dataset-v3-split-v1,a60662aa0de01a985f3bc3bec52ff50ca62a20c12832dc1866094604700b6208,gpiosenka/car-parts-40-classes,car parts 50,train,False,deterministic_group_aware_60_10_10_original_source_split_ignored
kaggle_34fcf171481e9010,coil_spring,kaggle50:coil_spring:kaggle_34fcf171481e9010,train,44,data/images/dataset_v3/train/coil_spring/coil_spring_train_044_34fcf171481e9010.jpg,34fcf171481e901030b5ab62fe9494654d38514f1457f2d6ce3f6860760e85b4,dataset-v3-split-v1,a6dc2f3513570cee80b3397f46f58ff85d0820885aae51a24ffbd4755a70317d,gpiosenka/car-parts-40-classes,car parts 50,validation,False,deterministic_group_aware_60_10_10_original_source_split_ignored
kaggle_554b207f86352413,coil_spring,kaggle50:coil_spring:kaggle_554b207f86352413,train,45,data/images/dataset_v3/train/coil_spring/coil_spring_train_045_554b207f86352413.jpg,554b207f863524136ae37416470e23e9924daf8f15aca35075e5f45a185d60ee,dataset-v3-split-v1,aa5792c57cc795ae1b6d79ac7ff6ffcd91acc09f415e44979f811c24d587c296,gpiosenka/car-parts-40-classes,car parts 50,train,False,deterministic_group_aware_60_10_10_original_source_split_ignored
kaggle_a1ed42a4c22b3774,coil_spring,kaggle50:coil_spring:kaggle_a1ed42a4c22b3774,train,46,data/images/dataset_v3/train/coil_spring/coil_spring_train_046_a1ed42a4c22b3774.jpg,a1ed42a4c22b37745bc2d03aa0260a84eeeed1a79cfdbf321aa6825c8df99924,dataset-v3-split-v1,aa888402e3e1bd6888d1aac554e150eadfe8c382f0bb656442b28c7202b56cdb,gpiosenka/car-parts-40-classes,car parts 50,train,False,deterministic_group_aware_60_10_10_original_source_split_ignored
kaggle_a5cff1e39f541cd5,coil_spring,kaggle50:coil_spring:kaggle_a5cff1e39f541cd5,train,47,data/images/dataset_v3/train/coil_spring/coil_spring_train_047_a5cff1e39f541cd5.jpg,a5cff1e39f541cd540eec6dac10c119530977ef7bed8d92ee068d378154bc8b9,dataset-v3-split-v1,ac22487d5b035a8df4612f1b805a889d3e8f48fef9a508f2ced47f54ab4ffaf3,gpiosenka/car-parts-40-classes,car parts 50,train,False,deterministic_group_aware_60_10_10_original_source_split_ignored
kaggle_4934f9729ec01db2,coil_spring,kaggle50:coil_spring:kaggle_4934f9729ec01db2,train,48,data/images/dataset_v3/train/coil_spring/coil_spring_train_048_4934f9729ec01db2.jpg,4934f9729ec01db225e0cb88c5593e528c949f3e4a049fb1db46da1691e50eac,dataset-v3-split-v1,af419968fa75b7900387f95e95e2e20436b9fcb88e12c2dc7ad99f0a7898de49,gpiosenka/car-parts-40-classes,car parts 50,train,False,deterministic_group_aware_60_10_10_original_source_split_ignored
kaggle_760022f445bb480b,coil_spring,kaggle50:coil_spring:kaggle_760022f445bb480b,train,49,data/images/dataset_v3/train/coil_spring/coil_spring_train_049_760022f445bb480b.jpg,760022f445bb480bb6a9aa6f889e89ed5234407dd9ed197001874f5f56bccf12,dataset-v3-split-v1,af91faeec5a2fdbb912ae66a63decca564fff075e0430c5888fb6c3c1c8d3d39,gpiosenka/car-parts-40-classes,car parts 50,test,False,deterministic_group_aware_60_10_10_original_source_split_ignored
kaggle_10a2b8412bdac7e3,coil_spring,kaggle50:coil_spring:kaggle_10a2b8412bdac7e3,train,50,data/images/dataset_v3/train/coil_spring/coil_spring_train_050_10a2b8412bdac7e3.jpg,10a2b8412bdac7e38d46bf2530e12496b3bf16980adccb8cb6f5249c5be21b10,dataset-v3-split-v1,b039d2290c92cb535e9f8a763df42a9c1f94527d0cef0da5e4bf7eb1fe23e9aa,gpiosenka/car-parts-40-classes,car parts 50,train,False,deterministic_group_aware_60_10_10_original_source_split_ignored
kaggle_43f8b14c78b90108,coil_spring,kaggle50:coil_spring:kaggle_43f8b14c78b90108,train,51,data/images/dataset_v3/train/coil_spring/coil_spring_train_051_43f8b14c78b90108.jpg,43f8b14c78b901081a28fc671be660dd77fed143d4eae8e83a5d0a8ebc3ca195,dataset-v3-split-v1,b67580d9a80d53612725c4133318a11de1be3ab1639fc844af5d535a29f03d06,gpiosenka/car-parts-40-classes,car parts 50,train,False,deterministic_group_aware_60_10_10_original_source_split_ignored
kaggle_dd0cfb4f178096a1,coil_spring,kaggle50:coil_spring:kaggle_dd0cfb4f178096a1,train,52,data/images/dataset_v3/train/coil_spring/coil_spring_train_052_dd0cfb4f178096a1.jpg,dd0cfb4f178096a1a5e84bd66f147dd270076216d1d025f33bd85243328b2268,dataset-v3-split-v1,b714437639a6b2d27d8af113baf8dee3696114a3a8a762454af07bc5d623fcce,gpiosenka/car-parts-40-classes,car parts 50,train,False,deterministic_group_aware_60_10_10_original_source_split_ignored
kaggle_bba4804024a627a9,coil_spring,kaggle50:coil_spring:kaggle_bba4804024a627a9,train,53,data/images/dataset_v3/train/coil_spring/coil_spring_train_053_bba4804024a627a9.jpg,bba4804024a627a910d92172b85b16eeecb3fd401af20932d3822defb83ad86d,dataset-v3-split-v1,b71593a3d55bddfb6cd05f74e387ee53babddf5012ffce2f65653e2c015dab8d,gpiosenka/car-parts-40-classes,car parts 50,train,False,deterministic_group_aware_60_10_10_original_source_split_ignored
kaggle_d71f24dcac2f3539,coil_spring,kaggle50:coil_spring:kaggle_d71f24dcac2f3539,train,54,data/images/dataset_v3/train/coil_spring/coil_spring_train_054_d71f24dcac2f3539.jpg,d71f24dcac2f3539b5889c23986115f22db464e75cd1b6d6e409fdf5b4c95eb0,dataset-v3-split-v1,b9cdc581df2db2a84c0758f8fe29c4795e175ef464f5eb1c520e8afd212b7e2e,gpiosenka/car-parts-40-classes,car parts 50,train,False,deterministic_group_aware_60_10_10_original_source_split_ignored
kaggle_3aeb3b0882ec25c1,coil_spring,kaggle50:coil_spring:kaggle_3aeb3b0882ec25c1,train,55,data/images/dataset_v3/train/coil_spring/coil_spring_train_055_3aeb3b0882ec25c1.jpg,3aeb3b0882ec25c1c4df51a719571ddaceb7d34c8db7a0827480876ad292066c,dataset-v3-split-v1,ba8077a6de53741bee5013390a65175c52add6031ef3641f53271a31b175856a,gpiosenka/car-parts-40-classes,car parts 50,train,False,deterministic_group_aware_60_10_10_original_source_split_ignored
kaggle_59bc991384ec82af,coil_spring,kaggle50:coil_spring:kaggle_59bc991384ec82af,train,56,data/images/dataset_v3/train/coil_spring/coil_spring_train_056_59bc991384ec82af.jpg,59bc991384ec82af47585e02818d514c93faf042c38c91814940e1cb246ec456,dataset-v3-split-v1,bf52819666eac25faed9f83a126758df3c42ea093ef5d40c2ac7005287adf64b,gpiosenka/car-parts-40-classes,car parts 50,train,False,deterministic_group_aware_60_10_10_original_source_split_ignored
kaggle_1a4ee0786777c220,coil_spring,kaggle50:coil_spring:kaggle_1a4ee0786777c220,train,57,data/images/dataset_v3/train/coil_spring/coil_spring_train_057_1a4ee0786777c220.jpg,1a4ee0786777c220b22ec324ad04fb3aaa03a8e27320a2c3139a54f430e60e43,dataset-v3-split-v1,c2d75e57964dfe3f906adfe7a94c6cdc7cde1eb013ee497a337be83ddc730912,gpiosenka/car-parts-40-classes,car parts 50,train,False,deterministic_group_aware_60_10_10_original_source_split_ignored
kaggle_d64991658fc6476b,coil_spring,kaggle50:coil_spring:kaggle_d64991658fc6476b,train,58,data/images/dataset_v3/train/coil_spring/coil_spring_train_058_d64991658fc6476b.jpg,d64991658fc6476ba9fffc9cc44a3f580da4e4a2b0fab58bdd7bd5a1ae0e0177,dataset-v3-split-v1,c4795a3b76647ba2c9b5f6e0599ee6eecec7b3bb957a89f3f936f073138e4503,gpiosenka/car-parts-40-classes,car parts 50,train,False,deterministic_group_aware_60_10_10_original_source_split_ignored
kaggle_119c1c0e414fbb3d,coil_spring,kaggle50:coil_spring:kaggle_119c1c0e414fbb3d,train,59,data/images/dataset_v3/train/coil_spring/coil_spring_train_059_119c1c0e414fbb3d.jpg,119c1c0e414fbb3d58f685525e712cd740527c36d3018100f2e8f4fab7e69616,dataset-v3-split-v1,c5557d2199aae79cb94cb6fdfaa15ecd7b1ff05105580e53b9ab946ef9c44e6b,gpiosenka/car-parts-40-classes,car parts 50,train,False,deterministic_group_aware_60_10_10_original_source_split_ignored
kaggle_51678b49c647013f,coil_spring,kaggle50:coil_spring:kaggle_51678b49c647013f,train,60,data/images/dataset_v3/train/coil_spring/coil_spring_train_060_51678b49c647013f.jpg,51678b49c647013f9017ec5f48f37de17d8a60aeb515591ebfd2cc252a484b13,dataset-v3-split-v1,cd7ce04fa132ba442483223c90c7a95b2ce87d6aaa33d8f8cb032e4ce677f29b,gpiosenka/car-parts-40-classes,car parts 50,train,False,deterministic_group_aware_60_10_10_original_source_split_ignored
kaggle_15d6656d33ca80ed,headlight,kaggle50:headlight:kaggle_15d6656d33ca80ed,train,1,data/images/dataset_v3/train/headlight/headlight_train_001_15d6656d33ca80ed.jpg,15d6656d33ca80ed26a920fb08e5f9397c64ad0c60c67dac26843280fb089e10,dataset-v3-split-v1,022c611865e96e84bf58e75e4b81b88b5cb58cc735a12f15f078b9ac06d1ea8b,gpiosenka/car-parts-40-classes,car parts 50,train,False,deterministic_group_aware_60_10_10_original_source_split_ignored
kaggle_bf9647425250990e,headlight,kaggle50:headlight:kaggle_bf9647425250990e,train,2,data/images/dataset_v3/train/headlight/headlight_train_002_bf9647425250990e.jpg,bf9647425250990eafb1bb38f5a091b9afdbbb15bc6898c52d05bc937dfe8a7f,dataset-v3-split-v1,092c625d6bc5d506070444fe570ea489008115f8da9701bd0ce7069a53f9c119,gpiosenka/car-parts-40-classes,car parts 50,train,False,deterministic_group_aware_60_10_10_original_source_split_ignored
kaggle_2286b961b8dfc26b,headlight,kaggle50:headlight:kaggle_2286b961b8dfc26b,train,3,data/images/dataset_v3/train/headlight/headlight_train_003_2286b961b8dfc26b.jpg,2286b961b8dfc26b8fafe8ddcad2b09caeee1fc108d95df7b76eb43c1d88b14d,dataset-v3-split-v1,107aa14ba1bc1f86683a7efb7687d73d54f227fa8911e377e3ed97a0a369c6ca,gpiosenka/car-parts-40-classes,car parts 50,train,False,deterministic_group_aware_60_10_10_original_source_split_ignored
kaggle_dafa288d58525134,headlight,kaggle50:headlight:kaggle_dafa288d58525134,train,4,data/images/dataset_v3/train/headlight/headlight_train_004_dafa288d58525134.jpg,dafa288d585251343e51f8d77ba55e099540b24eb1e65217f384ae132ca2687f,dataset-v3-split-v1,12dd8d8d5a4843d5f3083a203f8c1c14e15a6c00b7df776eb53bd3506cac4a57,gpiosenka/car-parts-40-classes,car parts 50,train,False,deterministic_group_aware_60_10_10_original_source_split_ignored
kaggle_749a7ff7baa8765e,headlight,kaggle50:headlight:kaggle_749a7ff7baa8765e,train,5,data/images/dataset_v3/train/headlight/headlight_train_005_749a7ff7baa8765e.jpg,749a7ff7baa8765e57823f5e0add318a337f4ee0bd8d800d08164d6e5fbed5bd,dataset-v3-split-v1,1367a25c17be2d11db92ec5ef87ba6645e7a84abda8ba5274c28a1184776e4be,gpiosenka/car-parts-40-classes,car parts 50,train,False,deterministic_group_aware_60_10_10_original_source_split_ignored
kaggle_35fa368edbf459fa,headlight,kaggle50:headlight:kaggle_35fa368edbf459fa,train,6,data/images/dataset_v3/train/headlight/headlight_train_006_35fa368edbf459fa.jpg,35fa368edbf459fa8a00bb35c7ca07c8edc65d44d246aa4bbf5f4e28b0293e1d,dataset-v3-split-v1,17a3947de6c4399e391f1c7fab4ca4d8b71dcccd7f3e7285f4b70e4e39efc676,gpiosenka/car-parts-40-classes,car parts 50,train,False,deterministic_group_aware_60_10_10_original_source_split_ignored
kaggle_c398f3a1bacd104c,headlight,kaggle50:headlight:kaggle_c398f3a1bacd104c,train,7,data/images/dataset_v3/train/headlight/headlight_train_007_c398f3a1bacd104c.jpg,c398f3a1bacd104c40644b9b5d87602639726b0967df5214729251a0d9c87255,dataset-v3-split-v1,17a5c3b820e714846cecb8c9049bea2f6f17504287fb4a73141eea327b9c11ea,gpiosenka/car-parts-40-classes,car parts 50,train,False,deterministic_group_aware_60_10_10_original_source_split_ignored
kaggle_e3fa91abb04efd50,headlight,kaggle50:headlight:kaggle_e3fa91abb04efd50,train,8,data/images/dataset_v3/train/headlight/headlight_train_008_e3fa91abb04efd50.jpg,e3fa91abb04efd5008449c533c64a92b72daa35d037c45bf4a62fff791eac78e,dataset-v3-split-v1,194a2d857c7d88300e1cf67af372ea8f04d900130659425a760b15f90b943ed7,gpiosenka/car-parts-40-classes,car parts 50,train,False,deterministic_group_aware_60_10_10_original_source_split_ignored
kaggle_e7c5f2b5c292a09d,headlight,kaggle50:headlight:kaggle_e7c5f2b5c292a09d,train,9,data/images/dataset_v3/train/headlight/headlight_train_009_e7c5f2b5c292a09d.jpg,e7c5f2b5c292a09d7dde3cb75f5ac80175562f7dda93220dfb03e006a59c0b54,dataset-v3-split-v1,1cb8ac3cba3d60ef6fb57eaedf19fd69528ca07d95d7b29bfb10beece9c2d854,gpiosenka/car-parts-40-classes,car parts 50,train,False,deterministic_group_aware_60_10_10_original_source_split_ignored
kaggle_33b460f99b5e345e,headlight,kaggle50:headlight:kaggle_33b460f99b5e345e,train,10,data/images/dataset_v3/train/headlight/headlight_train_010_33b460f99b5e345e.jpg,33b460f99b5e345edd0fbacb7fb8b5e516f494896e56a5589d63c933e9161d75,dataset-v3-split-v1,1cee486899cd871d90a1174bae83d1ace3ee170854dc6c7e9c10bd3dacb60468,gpiosenka/car-parts-40-classes,car parts 50,train,False,deterministic_group_aware_60_10_10_original_source_split_ignored
kaggle_5d3fb1b29791125b,headlight,kaggle50:headlight:kaggle_5d3fb1b29791125b,train,11,data/images/dataset_v3/train/headlight/headlight_train_011_5d3fb1b29791125b.jpg,5d3fb1b29791125b3600e50a69a0a8186400c3df03c706633a9d2b47792211cd,dataset-v3-split-v1,1e2733e94c013f2cb27334b16556ae641c68c6949c62eaa2fb141866aefcb0bf,gpiosenka/car-parts-40-classes,car parts 50,train,False,deterministic_group_aware_60_10_10_original_source_split_ignored
kaggle_b91ce5f846c9cffc,headlight,kaggle50:headlight:kaggle_b91ce5f846c9cffc,train,12,data/images/dataset_v3/train/headlight/headlight_train_012_b91ce5f846c9cffc.jpg,b91ce5f846c9cffc40fa3be5d69aa1d37ce9a54bf4c15e8bc63fd1130981b9ee,dataset-v3-split-v1,22aa2c3d8c16644f4c2a483994cf81662b34ba18ab58d5f0997f74b9179d8222,gpiosenka/car-parts-40-classes,car parts 50,train,False,deterministic_group_aware_60_10_10_original_source_split_ignored
kaggle_6ab6be84b6488de8,headlight,kaggle50:headlight:kaggle_6ab6be84b6488de8,train,13,data/images/dataset_v3/train/headlight/headlight_train_013_6ab6be84b6488de8.jpg,6ab6be84b6488de86198aa80447c0786eac1157a4f2d228a7f446307b57374a9,dataset-v3-split-v1,2aa1ef3a8def3aee6b0ad68f0a15285bd269ed4b79cec542812ec67b2d494e3b,gpiosenka/car-parts-40-classes,car parts 50,train,False,deterministic_group_aware_60_10_10_original_source_split_ignored
kaggle_9d420001716ba717,headlight,kaggle50:headlight:kaggle_9d420001716ba717,train,14,data/images/dataset_v3/train/headlight/headlight_train_014_9d420001716ba717.jpg,9d420001716ba71772d2e00a2562a2dfb482ae66ad12ee0679875c70d362210b,dataset-v3-split-v1,2e84b7e6392b9dcbcfe013130969b658a9d94938903e47c6cd593d0db4d95ef0,gpiosenka/car-parts-40-classes,car parts 50,train,False,deterministic_group_aware_60_10_10_original_source_split_ignored
kaggle_a00034aef147fe37,headlight,kaggle50:headlight:kaggle_a00034aef147fe37,train,15,data/images/dataset_v3/train/headlight/headlight_train_015_a00034aef147fe37.jpg,a00034aef147fe3720887dd0694796a0ef1fe3ecb62c01c6f7cbf137028f09a9,dataset-v3-split-v1,353f15416c38c51a09e54c129b00399eaa91c98ac392c0b445a7c6fdc55f16f9,gpiosenka/car-parts-40-classes,car parts 50,train,False,deterministic_group_aware_60_10_10_original_source_split_ignored
kaggle_2986b6a09509394a,headlight,kaggle50:headlight:kaggle_2986b6a09509394a,train,16,data/images/dataset_v3/train/headlight/headlight_train_016_2986b6a09509394a.jpg,2986b6a09509394ac2f2cd837dbd72e96b85d9dfb93068ce6c5a688b64b09b0d,dataset-v3-split-v1,39a63748673655616a6144b9445e8f266802ee690e15c3e338aee853f14655d0,gpiosenka/car-parts-40-classes,car parts 50,train,False,deterministic_group_aware_60_10_10_original_source_split_ignored
kaggle_b22dc17fe8414813,headlight,kaggle50:headlight:kaggle_b22dc17fe8414813,train,17,data/images/dataset_v3/train/headlight/headlight_train_017_b22dc17fe8414813.jpg,b22dc17fe8414813de2570223817af97fc5fca88dcec1a64174b8a42d0438e97,dataset-v3-split-v1,3b57f147cf3cc7794581966e2e84a270f67b429412db25ed1e6057f18cfe9b80,gpiosenka/car-parts-40-classes,car parts 50,train,False,deterministic_group_aware_60_10_10_original_source_split_ignored
kaggle_ef8e721dd52c5699,headlight,kaggle50:headlight:kaggle_ef8e721dd52c5699,train,18,data/images/dataset_v3/train/headlight/headlight_train_018_ef8e721dd52c5699.jpg,ef8e721dd52c569903371d0e6cc74d8f1f01078ef0399890b342dce9a227fd6f,dataset-v3-split-v1,48e0c7830ae550a470b9bb40b5db0601fb30d027661d50cb53044358c0ae6514,gpiosenka/car-parts-40-classes,car parts 50,validation,False,deterministic_group_aware_60_10_10_original_source_split_ignored
kaggle_3ef7fa3471c13be4,headlight,kaggle50:headlight:kaggle_3ef7fa3471c13be4,train,19,data/images/dataset_v3/train/headlight/headlight_train_019_3ef7fa3471c13be4.jpg,3ef7fa3471c13be44fd816d982a9606f627a249e4d99c4e0dbf08c9e094d0612,dataset-v3-split-v1,495f30a5d7d538288ad4e104092281bd0db5ad207f8cc76e3890d6850266f1c0,gpiosenka/car-parts-40-classes,car parts 50,train,False,deterministic_group_aware_60_10_10_original_source_split_ignored
kaggle_2ee00b0ce71b7952,headlight,kaggle50:headlight:kaggle_2ee00b0ce71b7952,train,20,data/images/dataset_v3/train/headlight/headlight_train_020_2ee00b0ce71b7952.jpg,2ee00b0ce71b7952107e3d18a78f32d18136c9daf42f6472f1a2f07f15ea2a94,dataset-v3-split-v1,49d14c09abac27ef0bc92b1390db000c20bce9497f7d5ff5c8d195725bbe535e,gpiosenka/car-parts-40-classes,car parts 50,train,False,deterministic_group_aware_60_10_10_original_source_split_ignored
kaggle_621100451c040848,headlight,kaggle50:headlight:kaggle_621100451c040848,train,21,data/images/dataset_v3/train/headlight/headlight_train_021_621100451c040848.jpg,621100451c0408482a283f85e37d845daf458e91087a59a15fb85394a4ac21fd,dataset-v3-split-v1,50318c2e9dcf9b27f9bc618d5d06ddc5c9ac672125c80421c7dbde79449df858,gpiosenka/car-parts-40-classes,car parts 50,train,False,deterministic_group_aware_60_10_10_original_source_split_ignored
kaggle_e356e1b751b132c3,headlight,kaggle50:headlight:kaggle_e356e1b751b132c3,train,22,data/images/dataset_v3/train/headlight/headlight_train_022_e356e1b751b132c3.jpg,e356e1b751b132c3ee17db805cb0e3eca538c7452c14bb0362a3bf1555b38454,dataset-v3-split-v1,514b2312577123c2eb23ef0554a3a978ddc14f596484f1e650dfb1a419bff1a4,gpiosenka/car-parts-40-classes,car parts 50,train,False,deterministic_group_aware_60_10_10_original_source_split_ignored
kaggle_4096250115db6959,headlight,kaggle50:headlight:kaggle_4096250115db6959,train,23,data/images/dataset_v3/train/headlight/headlight_train_023_4096250115db6959.jpg,4096250115db69594feb702621a12820d3690f617285054228c47de192ad5d19,dataset-v3-split-v1,53e7b1599ea2655bb12a854e62c6190f301f823778ad187139421d4ea6886980,gpiosenka/car-parts-40-classes,car parts 50,train,False,deterministic_group_aware_60_10_10_original_source_split_ignored
kaggle_081ca9b59abeaf9c,headlight,kaggle50:headlight:kaggle_081ca9b59abeaf9c,train,24,data/images/dataset_v3/train/headlight/headlight_train_024_081ca9b59abeaf9c.jpg,081ca9b59abeaf9c080e1c2c941baf602b8c44407290ccc3e767a235940f0f49,dataset-v3-split-v1,547889d0207c440d88f5ff2f06cffc181eba40278c2d619ace68b4ef53bc8a2a,gpiosenka/car-parts-40-classes,car parts 50,train,False,deterministic_group_aware_60_10_10_original_source_split_ignored
kaggle_c7206adc4e7c9678,headlight,kaggle50:headlight:kaggle_c7206adc4e7c9678,train,25,data/images/dataset_v3/train/headlight/headlight_train_025_c7206adc4e7c9678.jpg,c7206adc4e7c9678af8e83b088d9234123eb1179c6741ef772992565983ee451,dataset-v3-split-v1,54f3b80ef4387d5f638e0dd943b9771819bc97eca4a1704fdabd635d14c9c8f6,gpiosenka/car-parts-40-classes,car parts 50,train,False,deterministic_group_aware_60_10_10_original_source_split_ignored
kaggle_6909fda244173986,headlight,kaggle50:headlight:kaggle_6909fda244173986,train,26,data/images/dataset_v3/train/headlight/headlight_train_026_6909fda244173986.jpg,6909fda244173986dbfbf42d562837871aee736fbefff082a9477a21db3d7ac6,dataset-v3-split-v1,552c6e49eededc84aa79fd972696f5107eba44215911963e80043768897edb98,gpiosenka/car-parts-40-classes,car parts 50,train,False,deterministic_group_aware_60_10_10_original_source_split_ignored
kaggle_6cfd8ab65c53cb1b,headlight,kaggle50:headlight:kaggle_6cfd8ab65c53cb1b,train,27,data/images/dataset_v3/train/headlight/headlight_train_027_6cfd8ab65c53cb1b.jpg,6cfd8ab65c53cb1b5153da347c2a6919a8f460bb42c1d9ff776dd32b96bca64d,dataset-v3-split-v1,58d757138f7850355f8414ed198f40a3da6b4cf04edf81753ee2017cc56a77a7,gpiosenka/car-parts-40-classes,car parts 50,train,False,deterministic_group_aware_60_10_10_original_source_split_ignored
kaggle_09547e7a6d30cf18,headlight,kaggle50:headlight:kaggle_09547e7a6d30cf18,train,28,data/images/dataset_v3/train/headlight/headlight_train_028_09547e7a6d30cf18.jpg,09547e7a6d30cf18cdc2a2ad77d89fa843f0273f990429a6ab5c7b9f07a0bf53,dataset-v3-split-v1,59275dceca52253bbd0d37bcfd96c24cf7d743b69b20cf2bba5aafefd33c897e,gpiosenka/car-parts-40-classes,car parts 50,train,False,deterministic_group_aware_60_10_10_original_source_split_ignored
kaggle_8d89636c936cedc8,headlight,kaggle50:headlight:kaggle_8d89636c936cedc8,train,29,data/images/dataset_v3/train/headlight/headlight_train_029_8d89636c936cedc8.jpg,8d89636c936cedc81b282f510881b447a51a96e6147f3aea8da79683e312c002,dataset-v3-split-v1,5e6e87914da819f9b02b96765c602bbc5a1dfb0aaa163e19f24e6e871d53c76e,gpiosenka/car-parts-40-classes,car parts 50,train,False,deterministic_group_aware_60_10_10_original_source_split_ignored
kaggle_4c9ae66b385cfb55,headlight,kaggle50:headlight:kaggle_4c9ae66b385cfb55,train,30,data/images/dataset_v3/train/headlight/headlight_train_030_4c9ae66b385cfb55.jpg,4c9ae66b385cfb55dd67c10b842c3aeed02b17eb3b52a579fb2a5fa32eac054a,dataset-v3-split-v1,5ec799d2ccc4086f335e734c811b2fb9dba110df396943eb9b9471ff9d6aeff4,gpiosenka/car-parts-40-classes,car parts 50,train,False,deterministic_group_aware_60_10_10_original_source_split_ignored
kaggle_4cc0016d16bbbf71,headlight,kaggle50:headlight:kaggle_4cc0016d16bbbf71,train,31,data/images/dataset_v3/train/headlight/headlight_train_031_4cc0016d16bbbf71.jpg,4cc0016d16bbbf71e3587958b492e77aba741c9493f786643d327e5f03cf5aec,dataset-v3-split-v1,60ca829223d07adee7f13d82ba4988b98c2ca3cedd43951f6c316c531e99abce,gpiosenka/car-parts-40-classes,car parts 50,train,False,deterministic_group_aware_60_10_10_original_source_split_ignored
kaggle_85b22f4dae00fa46,headlight,kaggle50:headlight:kaggle_85b22f4dae00fa46,train,32,data/images/dataset_v3/train/headlight/headlight_train_032_85b22f4dae00fa46.jpg,85b22f4dae00fa46233d25c08585c04cdb7f7e3e1179c1a3e3f082e0b0a09dae,dataset-v3-split-v1,6299c3bb6fa1a2cf5e915c89f4bfd2a4256ee02304084f1a960c7f74e720d1e8,gpiosenka/car-parts-40-classes,car parts 50,train,False,deterministic_group_aware_60_10_10_original_source_split_ignored
kaggle_44ea421836d0b3ea,headlight,kaggle50:headlight:kaggle_44ea421836d0b3ea,train,33,data/images/dataset_v3/train/headlight/headlight_train_033_44ea421836d0b3ea.jpg,44ea421836d0b3eaadcc691135be956d2cb2bef767b51104c871ea3f57581ad0,dataset-v3-split-v1,64b8c2780a0cf3e2a6b9808d06abdc0cba8af830f65c28476d53309cc381673d,gpiosenka/car-parts-40-classes,car parts 50,validation,False,deterministic_group_aware_60_10_10_original_source_split_ignored
kaggle_e2f9beec12594b9d,headlight,kaggle50:headlight:kaggle_e2f9beec12594b9d,train,34,data/images/dataset_v3/train/headlight/headlight_train_034_e2f9beec12594b9d.jpg,e2f9beec12594b9d57ece32df96ec0fcc71725bb143a310e1042d35781502024,dataset-v3-split-v1,65abd32529144cd995c92cb14e8eed166d9fba6b508a38b178ea0ae61e7e2891,gpiosenka/car-parts-40-classes,car parts 50,train,False,deterministic_group_aware_60_10_10_original_source_split_ignored
kaggle_d1c95e54626199ec,headlight,kaggle50:headlight:kaggle_d1c95e54626199ec,train,35,data/images/dataset_v3/train/headlight/headlight_train_035_d1c95e54626199ec.jpg,d1c95e54626199ec4e16775dcc7ecf3cff286c90ce6d7a8e22f00b3936e93cb4,dataset-v3-split-v1,67869c818f0ff0e2487303be30a674ad53c5a2b21f429fa005c9d04cd1976b6e,gpiosenka/car-parts-40-classes,car parts 50,train,False,deterministic_group_aware_60_10_10_original_source_split_ignored
kaggle_2844e352928057ef,headlight,kaggle50:headlight:kaggle_2844e352928057ef,train,36,data/images/dataset_v3/train/headlight/headlight_train_036_2844e352928057ef.jpg,2844e352928057efe52e272b74b4abd9c994d8e1816e25625f375cbd58624a86,dataset-v3-split-v1,69035a601b0530ae76a4a1235d73d3e57ee5cb3ab951ea48db94ceb807f9f982,gpiosenka/car-parts-40-classes,car parts 50,train,False,deterministic_group_aware_60_10_10_original_source_split_ignored
kaggle_092ceee3f3e5c5f6,headlight,kaggle50:headlight:kaggle_092ceee3f3e5c5f6,train,37,data/images/dataset_v3/train/headlight/headlight_train_037_092ceee3f3e5c5f6.jpg,092ceee3f3e5c5f6565cdd7fddad2b14ab8d27b054f2d206e1783c7088a7db9c,dataset-v3-split-v1,6ce560d60d3e722abb9d9ed95eac4c1fe4d75c0222d68a63eb22e6320afe6fe9,gpiosenka/car-parts-40-classes,car parts 50,train,False,deterministic_group_aware_60_10_10_original_source_split_ignored
kaggle_5b1d5c0b71a1ec89,headlight,kaggle50:headlight:kaggle_5b1d5c0b71a1ec89,train,38,data/images/dataset_v3/train/headlight/headlight_train_038_5b1d5c0b71a1ec89.jpg,5b1d5c0b71a1ec8938a57cc721d9bfe30bf8de0d05074a9fc62a3cd33c477c78,dataset-v3-split-v1,722eda041fe88f474766d2fd5ef4c729f80a5b4e39c5f2e294a7e05a1403f9ce,gpiosenka/car-parts-40-classes,car parts 50,train,False,deterministic_group_aware_60_10_10_original_source_split_ignored
kaggle_f7ee78c02abfb595,headlight,kaggle50:headlight:kaggle_f7ee78c02abfb595,train,39,data/images/dataset_v3/train/headlight/headlight_train_039_f7ee78c02abfb595.jpg,f7ee78c02abfb59518e6700ed62f9202ae9c5e223f9357529e273c6e66927f6e,dataset-v3-split-v1,775d0bbf43523ed562762e372d0e694ca2f54272d8fc16b5933222afc3cabfd7,gpiosenka/car-parts-40-classes,car parts 50,train,False,deterministic_group_aware_60_10_10_original_source_split_ignored
kaggle_a397f8fe17606cad,headlight,kaggle50:headlight:kaggle_a397f8fe17606cad,train,40,data/images/dataset_v3/train/headlight/headlight_train_040_a397f8fe17606cad.jpg,a397f8fe17606cad9a4153da6bf9df5a51b1db351ed936325b45c29da8e0f045,dataset-v3-split-v1,809993f0102bd1e9f31067a875ed23cf31784135ffbd52780e28f86d5a3a0756,gpiosenka/car-parts-40-classes,car parts 50,train,False,deterministic_group_aware_60_10_10_original_source_split_ignored
kaggle_6089c8f725a56ceb,headlight,kaggle50:headlight:kaggle_6089c8f725a56ceb,train,41,data/images/dataset_v3/train/headlight/headlight_train_041_6089c8f725a56ceb.jpg,6089c8f725a56cebdb71c616c59a6cd1b4c69244aeb3cc520a5c6fe90a059ff2,dataset-v3-split-v1,818f6d541d16012a859ab6921c19708edcfdb7c6b535a445cd5d364e5be27658,gpiosenka/car-parts-40-classes,car parts 50,train,False,deterministic_group_aware_60_10_10_original_source_split_ignored
kaggle_b31053ce280aa679,headlight,kaggle50:headlight:kaggle_b31053ce280aa679,train,42,data/images/dataset_v3/train/headlight/headlight_train_042_b31053ce280aa679.jpg,b31053ce280aa679a42d4cda5953eade68cea70f0ee937e3a9373126c7b4967b,dataset-v3-split-v1,880af8fcb35bfb07826eac05f1bc2599462e93ce7c41790cbf6ab464f25aa7ac,gpiosenka/car-parts-40-classes,car parts 50,train,False,deterministic_group_aware_60_10_10_original_source_split_ignored
kaggle_aff5493c8a47f737,headlight,kaggle50:headlight:kaggle_aff5493c8a47f737,train,43,data/images/dataset_v3/train/headlight/headlight_train_043_aff5493c8a47f737.jpg,aff5493c8a47f737f837b3dfe90fb5b375f131adc77721fd7611af2dcbe304e5,dataset-v3-split-v1,8a164f74e09d23a9bc2329aeb91f5a6d6a5d7f9ed63bc632561a85a45b937eb1,gpiosenka/car-parts-40-classes,car parts 50,train,False,deterministic_group_aware_60_10_10_original_source_split_ignored
kaggle_a588ba154f67a2b9,headlight,kaggle50:headlight:kaggle_a588ba154f67a2b9,train,44,data/images/dataset_v3/train/headlight/headlight_train_044_a588ba154f67a2b9.jpg,a588ba154f67a2b91e44c73e6b98aef2284fe76492f073f12f22c858d0af233d,dataset-v3-split-v1,8afe264c78453ba048d82310aa327cc2bf2b9bfcd4293a5724b63c5e3d172d21,gpiosenka/car-parts-40-classes,car parts 50,train,False,deterministic_group_aware_60_10_10_original_source_split_ignored
kaggle_e2c731cab3f91947,headlight,kaggle50:headlight:kaggle_e2c731cab3f91947,train,45,data/images/dataset_v3/train/headlight/headlight_train_045_e2c731cab3f91947.jpg,e2c731cab3f91947d15119fc304fd83469ece824ebf42c7bc8ee3216211117de,dataset-v3-split-v1,8b0e7d0d2c98b2d5496f40e25f3dc1f9645e44197eba732f44ebb3472105fc37,gpiosenka/car-parts-40-classes,car parts 50,train,False,deterministic_group_aware_60_10_10_original_source_split_ignored
kaggle_8ee51f6305b892f0,headlight,kaggle50:headlight:kaggle_8ee51f6305b892f0,train,46,data/images/dataset_v3/train/headlight/headlight_train_046_8ee51f6305b892f0.jpg,8ee51f6305b892f0326f664a94f2c07e136306cbe4e1455e7bb49706b332eebd,dataset-v3-split-v1,914a1f43de88ed7edfbc6e13968349112608ff42d3f062e36c126b761f6bc696,gpiosenka/car-parts-40-classes,car parts 50,train,False,deterministic_group_aware_60_10_10_original_source_split_ignored
kaggle_b8715c4081ed5eff,headlight,kaggle50:headlight:kaggle_b8715c4081ed5eff,train,47,data/images/dataset_v3/train/headlight/headlight_train_047_b8715c4081ed5eff.jpg,b8715c4081ed5eff3dd18e75abf601d824a96b08cd8a9e24fb667e6e965e7eb2,dataset-v3-split-v1,95a1b7c754a1a3a56af75d39344aca94858f39ba3e7fb137bc6bb1f18a264008,gpiosenka/car-parts-40-classes,car parts 50,train,False,deterministic_group_aware_60_10_10_original_source_split_ignored
kaggle_f5d191ce2fac5b0f,headlight,kaggle50:headlight:kaggle_f5d191ce2fac5b0f,train,48,data/images/dataset_v3/train/headlight/headlight_train_048_f5d191ce2fac5b0f.jpg,f5d191ce2fac5b0f1268dc9ac4da44953f7b600a8f7862ad3f435a1e12a6bff7,dataset-v3-split-v1,a5c335714bde7bf66aff2a295e6ca3a48fc3ec0bbee07e26d2c58330510607ab,gpiosenka/car-parts-40-classes,car parts 50,test,False,deterministic_group_aware_60_10_10_original_source_split_ignored
kaggle_feee154c21471cdf,headlight,kaggle50:headlight:kaggle_feee154c21471cdf,train,49,data/images/dataset_v3/train/headlight/headlight_train_049_feee154c21471cdf.jpg,feee154c21471cdfdac88cf61016f958c84022776fdb56836d0ff6d0936fe2cd,dataset-v3-split-v1,a6f4a1ac4aa743ef15025adacbe73e8779639f1f37974b6aea3c2f55682c6819,gpiosenka/car-parts-40-classes,car parts 50,train,False,deterministic_group_aware_60_10_10_original_source_split_ignored
kaggle_53a77d9fb352eb03,headlight,kaggle50:headlight:kaggle_53a77d9fb352eb03,train,50,data/images/dataset_v3/train/headlight/headlight_train_050_53a77d9fb352eb03.jpg,53a77d9fb352eb032a078682d49b74e6cc24b4b64def9f1f6958fdca1e7ae888,dataset-v3-split-v1,a82b776f407f67a27c00f44f2afcdec8276349cbdbdacf1824a69a86c7271451,gpiosenka/car-parts-40-classes,car parts 50,train,False,deterministic_group_aware_60_10_10_original_source_split_ignored
kaggle_be0e6d831208de18,headlight,kaggle50:headlight:kaggle_be0e6d831208de18,train,51,data/images/dataset_v3/train/headlight/headlight_train_051_be0e6d831208de18.jpg,be0e6d831208de18bdde1fd63082ba8eb7af15e3d01b87485520350792789900,dataset-v3-split-v1,b3cbeed95fba56891a124f19128ed35463c4651556b0a97596dd1e5e057a9b18,gpiosenka/car-parts-40-classes,car parts 50,train,False,deterministic_group_aware_60_10_10_original_source_split_ignored
kaggle_29234b57269468bc,headlight,kaggle50:headlight:kaggle_29234b57269468bc,train,52,data/images/dataset_v3/train/headlight/headlight_train_052_29234b57269468bc.jpg,29234b57269468bcf4c0d9d41cc1309334228333091aa5f722e1c070cb130593,dataset-v3-split-v1,b508aea4a130fbe629a40dc06127e61b8509ac61ed80acfe0cbac7d0bf65139c,gpiosenka/car-parts-40-classes,car parts 50,train,False,deterministic_group_aware_60_10_10_original_source_split_ignored
kaggle_5d309d801a6afba5,headlight,kaggle50:headlight:kaggle_5d309d801a6afba5,train,53,data/images/dataset_v3/train/headlight/headlight_train_053_5d309d801a6afba5.jpg,5d309d801a6afba569a7c5264c0f99e7615419d885c526777bdfbff60f1557a0,dataset-v3-split-v1,ba3f678e4afea601bfd483f64f2cbeb5a38b439118653eb53018d682a624235b,gpiosenka/car-parts-40-classes,car parts 50,train,False,deterministic_group_aware_60_10_10_original_source_split_ignored
kaggle_686f6783927dcaa8,headlight,kaggle50:headlight:kaggle_686f6783927dcaa8,train,54,data/images/dataset_v3/train/headlight/headlight_train_054_686f6783927dcaa8.jpg,686f6783927dcaa8d3f8669057155b72f3000cb151792883a163b6803dfe98ca,dataset-v3-split-v1,bbe57699c353ff585f51179a9e6d1ecb859992c2227c853eefd605b564ccccfb,gpiosenka/car-parts-40-classes,car parts 50,train,False,deterministic_group_aware_60_10_10_original_source_split_ignored
kaggle_90a4a378627e748e,headlight,kaggle50:headlight:kaggle_90a4a378627e748e,train,55,data/images/dataset_v3/train/headlight/headlight_train_055_90a4a378627e748e.jpg,90a4a378627e748e39d8a1d09709e11116dac2336ad600e324967f35cf4ea1d7,dataset-v3-split-v1,bd4a8d1a81c48c0fc094c36afe83a9f809c052bac15b26b7eb07d51567c38f92,gpiosenka/car-parts-40-classes,car parts 50,train,False,deterministic_group_aware_60_10_10_original_source_split_ignored
kaggle_b52c2079b234d22c,headlight,kaggle50:headlight:kaggle_b52c2079b234d22c,train,56,data/images/dataset_v3/train/headlight/headlight_train_056_b52c2079b234d22c.jpg,b52c2079b234d22c668a2e6cd01030b7b9773834703a38c4df128753820b6662,dataset-v3-split-v1,c058cffe658d241bceface49518ad17add43c25279f360f796f1b63f5f5f2e5e,gpiosenka/car-parts-40-classes,car parts 50,train,False,deterministic_group_aware_60_10_10_original_source_split_ignored
kaggle_f5a89e285fdf4a3c,headlight,kaggle50:headlight:kaggle_f5a89e285fdf4a3c,train,57,data/images/dataset_v3/train/headlight/headlight_train_057_f5a89e285fdf4a3c.jpg,f5a89e285fdf4a3c669fbc71efb266b760f1c043ef2826adf62c49e5ee8eec0b,dataset-v3-split-v1,c3ca116b2feeea0973ddd474852b5d362f9760562a67ffd54289553c5ede5a70,gpiosenka/car-parts-40-classes,car parts 50,validation,False,deterministic_group_aware_60_10_10_original_source_split_ignored
kaggle_35d91578cfb51adc,headlight,kaggle50:headlight:kaggle_35d91578cfb51adc,train,58,data/images/dataset_v3/train/headlight/headlight_train_058_35d91578cfb51adc.jpg,35d91578cfb51adcdaddfe6a3be3191b0349e886859b1a7c2e8ceaf899eb6de8,dataset-v3-split-v1,c44e4945dade42b5bb9298a904685924cd61650cc297f22405da0dd9622a6322,gpiosenka/car-parts-40-classes,car parts 50,train,False,deterministic_group_aware_60_10_10_original_source_split_ignored
kaggle_87f7268c7ad46b5e,headlight,kaggle50:headlight:kaggle_87f7268c7ad46b5e,train,59,data/images/dataset_v3/train/headlight/headlight_train_059_87f7268c7ad46b5e.jpg,87f7268c7ad46b5e0bbd831f34fa54d7a8a00de4182258e86396b6523d620e5f,dataset-v3-split-v1,ccf01220d47d1f91539a844818992f59e0bb190a22c559c6ae71bc357e8ecbe2,gpiosenka/car-parts-40-classes,car parts 50,train,False,deterministic_group_aware_60_10_10_original_source_split_ignored
kaggle_9803761f9f9139a1,headlight,kaggle50:headlight:kaggle_9803761f9f9139a1,train,60,data/images/dataset_v3/train/headlight/headlight_train_060_9803761f9f9139a1.jpg,9803761f9f9139a11787fbec0e9bbbb548be83b70ae0da9ffee3c02179a9d298,dataset-v3-split-v1,ce72766f0dba7cdf779a1a4b945778d0ad87d280de2418660e4a6caf7715a593,gpiosenka/car-parts-40-classes,car parts 50,train,False,deterministic_group_aware_60_10_10_original_source_split_ignored
kaggle_35348b54323e3944,oil_filter,kaggle50:oil_filter:kaggle_35348b54323e3944,train,1,data/images/dataset_v3/train/oil_filter/oil_filter_train_001_35348b54323e3944.jpg,35348b54323e3944a148da1eaee4e89f45a080b9cbd7f21699008a8580dcf879,dataset-v3-split-v1,05a787f65da4e28cc37eb04089073360cc6c92b121eb8e6902af1716865f9ec1,gpiosenka/car-parts-40-classes,car parts 50,train,False,deterministic_group_aware_60_10_10_original_source_split_ignored
kaggle_f47e89899b373694,oil_filter,kaggle50:oil_filter:kaggle_f47e89899b373694,train,2,data/images/dataset_v3/train/oil_filter/oil_filter_train_002_f47e89899b373694.jpg,f47e89899b37369431b5ca4bed571a7d0de74e6f09e94f88acd1332c63cc5c1b,dataset-v3-split-v1,05b7d15966e13f48e991682dedbc7afcb8762d7e23c3c61d09e4b5bcee031ee4,gpiosenka/car-parts-40-classes,car parts 50,train,False,deterministic_group_aware_60_10_10_original_source_split_ignored
kaggle_1c24550f1e96dfdb,oil_filter,kaggle50:oil_filter:kaggle_1c24550f1e96dfdb,train,3,data/images/dataset_v3/train/oil_filter/oil_filter_train_003_1c24550f1e96dfdb.jpg,1c24550f1e96dfdbe0b8585f48520caab76bbdfdee6fa62ed28034508bebd31f,dataset-v3-split-v1,09e766da6d25579e5bada6433360839de49034f58f24cdb8ed32bfcd622fe07f,gpiosenka/car-parts-40-classes,car parts 50,train,False,deterministic_group_aware_60_10_10_original_source_split_ignored
kaggle_35ed992b012c6499,oil_filter,kaggle50:oil_filter:kaggle_35ed992b012c6499,train,4,data/images/dataset_v3/train/oil_filter/oil_filter_train_004_35ed992b012c6499.jpg,35ed992b012c6499410ba635891d1a618f7ccc8ecbab1e01cdf435fdba5fb698,dataset-v3-split-v1,13497e336a5c42c3194008e1f3914658920a0bf8593aaf95a3ffa52738b64326,gpiosenka/car-parts-40-classes,car parts 50,train,False,deterministic_group_aware_60_10_10_original_source_split_ignored
kaggle_37f0ab31c04aafff,oil_filter,kaggle50:oil_filter:kaggle_37f0ab31c04aafff,train,5,data/images/dataset_v3/train/oil_filter/oil_filter_train_005_37f0ab31c04aafff.jpg,37f0ab31c04aafff5cbb39bbc51499ac56c73d570310e0046cc8aeb4d6baee09,dataset-v3-split-v1,13ff19126dae31ca0994b4f3ec901408ddd4ed22650ed9a6c5df074183e15d25,gpiosenka/car-parts-40-classes,car parts 50,train,False,deterministic_group_aware_60_10_10_original_source_split_ignored
kaggle_33b108fbacc76e9d,oil_filter,kaggle50:oil_filter:kaggle_33b108fbacc76e9d,train,6,data/images/dataset_v3/train/oil_filter/oil_filter_train_006_33b108fbacc76e9d.jpg,33b108fbacc76e9d3ec3c6d8f62c7a5a3d111db346caf8fb0ed110c4628a26cb,dataset-v3-split-v1,1461d4b61c5384ed2ad11bc95047047de854db90836f478a196e96b523df646f,gpiosenka/car-parts-40-classes,car parts 50,test,False,deterministic_group_aware_60_10_10_original_source_split_ignored
kaggle_70f3ef665f750ecd,oil_filter,kaggle50:oil_filter:kaggle_70f3ef665f750ecd,train,7,data/images/dataset_v3/train/oil_filter/oil_filter_train_007_70f3ef665f750ecd.jpg,70f3ef665f750ecd30d6ef76d7f5a68d9e34f58108c5d7e4f3da77022d1c55d2,dataset-v3-split-v1,19204ee4a0a0dc960098c7cd584e64034eba83ed1a13bd656d96ae0cbafb99bf,gpiosenka/car-parts-40-classes,car parts 50,train,False,deterministic_group_aware_60_10_10_original_source_split_ignored
kaggle_fded6c4b49feb080,oil_filter,kaggle50:oil_filter:kaggle_fded6c4b49feb080,train,8,data/images/dataset_v3/train/oil_filter/oil_filter_train_008_fded6c4b49feb080.jpg,fded6c4b49feb080bf0f7576c6ec1f52c321ff4217546d33912c88031caf4a6c,dataset-v3-split-v1,1b61e2957a556dabc9c0a8e6ca4e0d2e1e6cb4398eca96cc9e0dc5a11520a07b,gpiosenka/car-parts-40-classes,car parts 50,train,False,deterministic_group_aware_60_10_10_original_source_split_ignored
kaggle_4e989a00cea63b48,oil_filter,kaggle50:oil_filter:kaggle_4e989a00cea63b48,train,9,data/images/dataset_v3/train/oil_filter/oil_filter_train_009_4e989a00cea63b48.jpg,4e989a00cea63b487771e7261d82874a5ff462b6bce5b671f5078edf5dadaee9,dataset-v3-split-v1,249847f385ae4f0c26cd887677caa8cbc6a7d34976e1d93fdbc6f48ff62b98a6,gpiosenka/car-parts-40-classes,car parts 50,train,False,deterministic_group_aware_60_10_10_original_source_split_ignored
kaggle_c6bc47297b83b561,oil_filter,kaggle50:oil_filter:kaggle_c6bc47297b83b561,train,10,data/images/dataset_v3/train/oil_filter/oil_filter_train_010_c6bc47297b83b561.jpg,c6bc47297b83b56178e57957654bc8bd9dc3bc526791079e3fc0faaee9659113,dataset-v3-split-v1,2980c68eea9270cbf81ced2c9f59dc7921bc05ed176630ea7b6adf4460c98500,gpiosenka/car-parts-40-classes,car parts 50,train,False,deterministic_group_aware_60_10_10_original_source_split_ignored
kaggle_df42e6c196f301cd,oil_filter,kaggle50:oil_filter:kaggle_df42e6c196f301cd,train,11,data/images/dataset_v3/train/oil_filter/oil_filter_train_011_df42e6c196f301cd.jpg,df42e6c196f301cdf7ee6708447d647ae913b435238c286018c0c69d107e2e0f,dataset-v3-split-v1,2d886052f15d9a4f9ce79d87e961ae6da9a3d39552d02f4ab38c16d3d2afec5e,gpiosenka/car-parts-40-classes,car parts 50,train,False,deterministic_group_aware_60_10_10_original_source_split_ignored
kaggle_d72b19769d16ab78,oil_filter,kaggle50:oil_filter:kaggle_d72b19769d16ab78,train,12,data/images/dataset_v3/train/oil_filter/oil_filter_train_012_d72b19769d16ab78.jpg,d72b19769d16ab78c40fd6d0e4cd8251d9d9d35e38d62f0f8620c2d86fae54cf,dataset-v3-split-v1,33ecf22726877931e1258a00f07168f741bfe20f47663b87bbec8e2155863edf,gpiosenka/car-parts-40-classes,car parts 50,train,False,deterministic_group_aware_60_10_10_original_source_split_ignored
kaggle_4769b23d7f7b8936,oil_filter,kaggle50:oil_filter:kaggle_4769b23d7f7b8936,train,13,data/images/dataset_v3/train/oil_filter/oil_filter_train_013_4769b23d7f7b8936.jpg,4769b23d7f7b89367a9ae233640fe6efae72c42ef96f564ae2598f0059f6e5ef,dataset-v3-split-v1,387156c71633dada7faf451a9df953b3eba270922d5d20bb74cd5910be06f5fb,gpiosenka/car-parts-40-classes,car parts 50,train,False,deterministic_group_aware_60_10_10_original_source_split_ignored
kaggle_bc933aae65918157,oil_filter,kaggle50:oil_filter:kaggle_bc933aae65918157,train,14,data/images/dataset_v3/train/oil_filter/oil_filter_train_014_bc933aae65918157.jpg,bc933aae65918157d8582567074090f9b4e7e272cc4e7e6836da53815ac77eb7,dataset-v3-split-v1,3aeeadfe1117777279862570c43046d32bb60e64e824870df9cdc9de04ea1a9d,gpiosenka/car-parts-40-classes,car parts 50,train,False,deterministic_group_aware_60_10_10_original_source_split_ignored
kaggle_211a9af8d752349a,oil_filter,kaggle50:oil_filter:kaggle_211a9af8d752349a,train,15,data/images/dataset_v3/train/oil_filter/oil_filter_train_015_211a9af8d752349a.jpg,211a9af8d752349a5a572f31f4918e6b6fd8941e30af39f647fe79df29f01ebb,dataset-v3-split-v1,3e914c81001f3a131f9f677decac5f3b8241667c1412d437d264d888f4f89270,gpiosenka/car-parts-40-classes,car parts 50,train,False,deterministic_group_aware_60_10_10_original_source_split_ignored
kaggle_bc71527511b060ce,oil_filter,kaggle50:oil_filter:kaggle_bc71527511b060ce,train,16,data/images/dataset_v3/train/oil_filter/oil_filter_train_016_bc71527511b060ce.jpg,bc71527511b060ceb93ef39233d3fd4709d7f00dfac5f15b4afbc97f767a83f1,dataset-v3-split-v1,40384931b88c40d6ab7faff1ddd0f20711b28d2232a2760c843634a385d2e790,gpiosenka/car-parts-40-classes,car parts 50,train,False,deterministic_group_aware_60_10_10_original_source_split_ignored
kaggle_84e5e6ffa9434076,oil_filter,kaggle50:oil_filter:kaggle_84e5e6ffa9434076,train,17,data/images/dataset_v3/train/oil_filter/oil_filter_train_017_84e5e6ffa9434076.jpg,84e5e6ffa94340763e3f0614cdcf4a3479d34b0b39909c8c058575c51809caed,dataset-v3-split-v1,45a594cc14e5f00bf4749a3cfb986498dd470b09c10ee21b1bfed7440455f3b6,gpiosenka/car-parts-40-classes,car parts 50,train,False,deterministic_group_aware_60_10_10_original_source_split_ignored
kaggle_58aac507d17f089a,oil_filter,kaggle50:oil_filter:kaggle_58aac507d17f089a,train,18,data/images/dataset_v3/train/oil_filter/oil_filter_train_018_58aac507d17f089a.jpg,58aac507d17f089ae2b0a2238a770287f8e04559c5228c288edb60db79bac817,dataset-v3-split-v1,47881fb6a9c352ffc42f4f289b1f6e8d8ec01f08088f798a21fc9b57403c3000,gpiosenka/car-parts-40-classes,car parts 50,train,False,deterministic_group_aware_60_10_10_original_source_split_ignored
kaggle_cd36aa7053b32934,oil_filter,kaggle50:oil_filter:kaggle_cd36aa7053b32934,train,19,data/images/dataset_v3/train/oil_filter/oil_filter_train_019_cd36aa7053b32934.jpg,cd36aa7053b32934d99c6c7599a29b9e6bce5b608a040ea41c043544b1fa6c65,dataset-v3-split-v1,4c0ce02efee504a9d6aaabce7897b9deaddef35f800644ca38040a0ac6549a0f,gpiosenka/car-parts-40-classes,car parts 50,train,False,deterministic_group_aware_60_10_10_original_source_split_ignored
kaggle_39fbbc4a234e04e5,oil_filter,kaggle50:oil_filter:kaggle_39fbbc4a234e04e5,train,20,data/images/dataset_v3/train/oil_filter/oil_filter_train_020_39fbbc4a234e04e5.jpg,39fbbc4a234e04e5739bfe3a2dace1c046a3bd9225c0d676167df514355a5728,dataset-v3-split-v1,4e9301e2e4e6ba0477018fc586b12c3f7b543b89d7dc279abe122f1c446057e1,gpiosenka/car-parts-40-classes,car parts 50,train,False,deterministic_group_aware_60_10_10_original_source_split_ignored
kaggle_19faf8eae8661d48,oil_filter,kaggle50:oil_filter:kaggle_19faf8eae8661d48,train,21,data/images/dataset_v3/train/oil_filter/oil_filter_train_021_19faf8eae8661d48.jpg,19faf8eae8661d4886dbe0dae9120c21246e09083d95e68af2547a16fbd5e288,dataset-v3-split-v1,542ece6ac4b09072cf0eaeb4a23dab275d46279ed0a7f358a913b6fa23bf45e6,gpiosenka/car-parts-40-classes,car parts 50,train,False,deterministic_group_aware_60_10_10_original_source_split_ignored
kaggle_5f01dde2696df6fe,oil_filter,kaggle50:oil_filter:kaggle_5f01dde2696df6fe,train,22,data/images/dataset_v3/train/oil_filter/oil_filter_train_022_5f01dde2696df6fe.jpg,5f01dde2696df6fe67906fc5d1ebd471a6e872a052e04b1152944e31bec45cf1,dataset-v3-split-v1,5bbbc9e0ed599058ca50e20f4749537aa66d985c3e2feb32082f10a374b5d4d5,gpiosenka/car-parts-40-classes,car parts 50,train,False,deterministic_group_aware_60_10_10_original_source_split_ignored
kaggle_d2e483c1fa06c8d8,oil_filter,kaggle50:oil_filter:kaggle_d2e483c1fa06c8d8,train,23,data/images/dataset_v3/train/oil_filter/oil_filter_train_023_d2e483c1fa06c8d8.jpg,d2e483c1fa06c8d8e4659a9fa7997ee08daa2ffe37ff42a8b6fc660e35e34524,dataset-v3-split-v1,5bce63fbea5b1aeefd56ac9b261c218367cfd7da3573d1dbcf7670e371a04bf5,gpiosenka/car-parts-40-classes,car parts 50,train,False,deterministic_group_aware_60_10_10_original_source_split_ignored
kaggle_4ff978c71096c2bd,oil_filter,kaggle50:oil_filter:kaggle_4ff978c71096c2bd,train,24,data/images/dataset_v3/train/oil_filter/oil_filter_train_024_4ff978c71096c2bd.jpg,4ff978c71096c2bdb1ae77c71640767b4026486856543d4a601d5daa55a93a3d,dataset-v3-split-v1,5d595308312e0f0a4a3bdf9ac42ffe1bfd15c66e98538e3dfa0aeb2fa767e13c,gpiosenka/car-parts-40-classes,car parts 50,train,False,deterministic_group_aware_60_10_10_original_source_split_ignored
kaggle_883512ea7eb3f780,oil_filter,kaggle50:oil_filter:kaggle_883512ea7eb3f780,train,25,data/images/dataset_v3/train/oil_filter/oil_filter_train_025_883512ea7eb3f780.jpg,883512ea7eb3f780acf93e3ef7bc0a70c744255adaf0cac5a8de22fc45551ed0,dataset-v3-split-v1,5ec49358583b42635c119999d39ef92d8907313f2db6ecf7ba2c3a73705e6acb,gpiosenka/car-parts-40-classes,car parts 50,train,False,deterministic_group_aware_60_10_10_original_source_split_ignored
kaggle_44d9163c8f69d765,oil_filter,kaggle50:oil_filter:kaggle_44d9163c8f69d765,train,26,data/images/dataset_v3/train/oil_filter/oil_filter_train_026_44d9163c8f69d765.jpg,44d9163c8f69d765648b5b92765f359d6d4be2890f3340702bf75fa421f4bc30,dataset-v3-split-v1,60fb73ac6da5d38a9da532f98917be96ca6cdf3b73971db4f7b3bbc9b4455c48,gpiosenka/car-parts-40-classes,car parts 50,train,False,deterministic_group_aware_60_10_10_original_source_split_ignored
kaggle_af63b984af82d9cb,oil_filter,kaggle50:oil_filter:kaggle_af63b984af82d9cb,train,27,data/images/dataset_v3/train/oil_filter/oil_filter_train_027_af63b984af82d9cb.jpg,af63b984af82d9cbba0ffd4e3fcefe7a8eab83cec873515619a102ffc5c0a05e,dataset-v3-split-v1,62deec38bb919a458e3a9c4eb1de2cdebaf995e279d58b5916553dc119fa9397,gpiosenka/car-parts-40-classes,car parts 50,train,False,deterministic_group_aware_60_10_10_original_source_split_ignored
kaggle_cad0544581885f4f,oil_filter,kaggle50:oil_filter:kaggle_cad0544581885f4f,train,28,data/images/dataset_v3/train/oil_filter/oil_filter_train_028_cad0544581885f4f.jpg,cad0544581885f4f62cf1c24c464777baf61987b84c8ed9a6667764cc764f8a3,dataset-v3-split-v1,6790a2e6587f52ad6cab4d3bad5dad4fffdf05d93ab1ed6d199fcbded4a6cbc1,gpiosenka/car-parts-40-classes,car parts 50,train,False,deterministic_group_aware_60_10_10_original_source_split_ignored
kaggle_fadf13b2a2bc96a5,oil_filter,kaggle50:oil_filter:kaggle_fadf13b2a2bc96a5,train,29,data/images/dataset_v3/train/oil_filter/oil_filter_train_029_fadf13b2a2bc96a5.jpg,fadf13b2a2bc96a54e1021c6f6f2b553869091e42d94e9e384b925198395f4a1,dataset-v3-split-v1,6eabc5d05bdf60f6bdcc72090742dc4879a11cd6a4721d4eb39bd1125caa81d5,gpiosenka/car-parts-40-classes,car parts 50,validation,False,deterministic_group_aware_60_10_10_original_source_split_ignored
kaggle_20b01699aaf15158,oil_filter,kaggle50:oil_filter:kaggle_20b01699aaf15158,train,30,data/images/dataset_v3/train/oil_filter/oil_filter_train_030_20b01699aaf15158.jpg,20b01699aaf15158e8fb2287f5c79af02a844b8b880ac3df081031231a50ed2e,dataset-v3-split-v1,6ffec8fb7c0d3fa48159a004b5f6fe1657a86a4c0017589181c12049a4ba7f3a,gpiosenka/car-parts-40-classes,car parts 50,train,False,deterministic_group_aware_60_10_10_original_source_split_ignored
kaggle_fdcf2464ed952476,oil_filter,kaggle50:oil_filter:kaggle_fdcf2464ed952476,train,31,data/images/dataset_v3/train/oil_filter/oil_filter_train_031_fdcf2464ed952476.jpg,fdcf2464ed95247655fd47163da15ecde97ee0caeea92ed2e8cff5109c189e8a,dataset-v3-split-v1,72a07755f5e6373acf8b087a471a48aa2427b838f0a72be30f233f5d4bf783ee,gpiosenka/car-parts-40-classes,car parts 50,train,False,deterministic_group_aware_60_10_10_original_source_split_ignored
kaggle_2a376e956ae64cd3,oil_filter,kaggle50:oil_filter:kaggle_2a376e956ae64cd3,train,32,data/images/dataset_v3/train/oil_filter/oil_filter_train_032_2a376e956ae64cd3.jpg,2a376e956ae64cd3c55bae75a8f45c88c7d091f3d16240567ebdf2f7eb236b5d,dataset-v3-split-v1,7319ed71d24aca607101da8ac1af48c1d6bed74089da4112e17b8ed0c35a60cf,gpiosenka/car-parts-40-classes,car parts 50,train,False,deterministic_group_aware_60_10_10_original_source_split_ignored
kaggle_4807ae4ff6853822,oil_filter,kaggle50:oil_filter:kaggle_4807ae4ff6853822,train,33,data/images/dataset_v3/train/oil_filter/oil_filter_train_033_4807ae4ff6853822.jpg,4807ae4ff685382203364f93019ae485730b8cc4e0a90e40b3f9b6b8aa5928a5,dataset-v3-split-v1,73e2abbbdd9ecb47c29eeb8b33d016e546feb1660fee46fcfe656d031dd7b590,gpiosenka/car-parts-40-classes,car parts 50,train,False,deterministic_group_aware_60_10_10_original_source_split_ignored
kaggle_1b9b41a01e4a2ca8,oil_filter,kaggle50:oil_filter:kaggle_1b9b41a01e4a2ca8,train,34,data/images/dataset_v3/train/oil_filter/oil_filter_train_034_1b9b41a01e4a2ca8.jpg,1b9b41a01e4a2ca81a55136b7e1b0ce9fdea822ba4e81c3009591346fae3f382,dataset-v3-split-v1,73f57f73484134b5f3fb88b9175aad25e1f8f74ef293fb7e0976336e96fdd9d4,gpiosenka/car-parts-40-classes,car parts 50,validation,False,deterministic_group_aware_60_10_10_original_source_split_ignored
kaggle_e3075f96bae9fb7a,oil_filter,kaggle50:oil_filter:kaggle_e3075f96bae9fb7a,train,35,data/images/dataset_v3/train/oil_filter/oil_filter_train_035_e3075f96bae9fb7a.jpg,e3075f96bae9fb7aa72cfd72ed45a251e8f213ddd1529036e2b952b7f08e1bb4,dataset-v3-split-v1,741d26aca203a7082d9b4d2c51eb5a91c55fb8432d4460cd47a643e1a2598fae,gpiosenka/car-parts-40-classes,car parts 50,train,False,deterministic_group_aware_60_10_10_original_source_split_ignored
kaggle_8c258db8282b298b,oil_filter,kaggle50:oil_filter:kaggle_8c258db8282b298b,train,36,data/images/dataset_v3/train/oil_filter/oil_filter_train_036_8c258db8282b298b.jpg,8c258db8282b298be6059ca1ad99781f2d8309746f29d2f894a4e21afd1b9afb,dataset-v3-split-v1,7a61a26ed322055e0199a5fc6f49e3b20d53cbcade5cd3004d2139a65e1382c6,gpiosenka/car-parts-40-classes,car parts 50,train,False,deterministic_group_aware_60_10_10_original_source_split_ignored
kaggle_a48d55472bcbae52,oil_filter,kaggle50:oil_filter:kaggle_a48d55472bcbae52,train,37,data/images/dataset_v3/train/oil_filter/oil_filter_train_037_a48d55472bcbae52.jpg,a48d55472bcbae52ef90a846269dd77a0cb27cefb77d6d90067e8cfc6666d03c,dataset-v3-split-v1,8279a8236b0656a66e88198f1b4332f6e5d61733cd23db128c6b0287922998a4,gpiosenka/car-parts-40-classes,car parts 50,train,False,deterministic_group_aware_60_10_10_original_source_split_ignored
kaggle_8e64705e1ae1e032,oil_filter,kaggle50:oil_filter:kaggle_8e64705e1ae1e032,train,38,data/images/dataset_v3/train/oil_filter/oil_filter_train_038_8e64705e1ae1e032.jpg,8e64705e1ae1e032522028ea472effdf4ba31f0f2fecdc916258de95362f309b,dataset-v3-split-v1,85a7a97986b4904cb70fc7c22f38e31035dd563c7d9c864a263f6fd2a25b214d,gpiosenka/car-parts-40-classes,car parts 50,test,False,deterministic_group_aware_60_10_10_original_source_split_ignored
kaggle_50c5fe71d04cc82e,oil_filter,kaggle50:oil_filter:kaggle_50c5fe71d04cc82e,train,39,data/images/dataset_v3/train/oil_filter/oil_filter_train_039_50c5fe71d04cc82e.jpg,50c5fe71d04cc82e0dd099eabe63d97803031358c0fb82b296e9c52f79df4fd2,dataset-v3-split-v1,8cbc90a9b38af2d0e024594de592d5bb41f1d227cdd123fa4fcf7c1e2c651e36,gpiosenka/car-parts-40-classes,car parts 50,train,False,deterministic_group_aware_60_10_10_original_source_split_ignored
kaggle_cfa43f393b87cef3,oil_filter,kaggle50:oil_filter:kaggle_cfa43f393b87cef3,train,40,data/images/dataset_v3/train/oil_filter/oil_filter_train_040_cfa43f393b87cef3.jpg,cfa43f393b87cef35818d1a14b0a464a59f2945930e54fa0a9c245e4b7ef874e,dataset-v3-split-v1,90813aaf520f1369a11770dc824eada40ebe2b022c3daf4433692adda5498758,gpiosenka/car-parts-40-classes,car parts 50,train,False,deterministic_group_aware_60_10_10_original_source_split_ignored
kaggle_8da4ae5efed3c9a2,oil_filter,kaggle50:oil_filter:kaggle_8da4ae5efed3c9a2,train,41,data/images/dataset_v3/train/oil_filter/oil_filter_train_041_8da4ae5efed3c9a2.jpg,8da4ae5efed3c9a276518a8181dbd46a8efb15ce84463075a173f469372f8e4f,dataset-v3-split-v1,95dd03b3106d91fdb8b82bda0b3ad5f53c9ffdc68bac9a63f83201ee84c84535,gpiosenka/car-parts-40-classes,car parts 50,train,False,deterministic_group_aware_60_10_10_original_source_split_ignored
kaggle_2a7e9b979b8afeb5,oil_filter,kaggle50:oil_filter:kaggle_2a7e9b979b8afeb5,train,42,data/images/dataset_v3/train/oil_filter/oil_filter_train_042_2a7e9b979b8afeb5.jpg,2a7e9b979b8afeb5038a495f77a905a8d59c648c330f41c3f19ac02027da4be9,dataset-v3-split-v1,961f66281e037db44d78dcfcd01517773b25838b2b8b8b0dad4c0087826a748c,gpiosenka/car-parts-40-classes,car parts 50,train,False,deterministic_group_aware_60_10_10_original_source_split_ignored
kaggle_50be9556d2d1e912,oil_filter,kaggle50:oil_filter:kaggle_50be9556d2d1e912,train,43,data/images/dataset_v3/train/oil_filter/oil_filter_train_043_50be9556d2d1e912.jpg,50be9556d2d1e9122f95082e54c7668080b1d839b3ef3de92165d689d256a095,dataset-v3-split-v1,976670050729029a83085db8a485109dad9a69ec730cf8cf29f46aae195ce2db,gpiosenka/car-parts-40-classes,car parts 50,train,False,deterministic_group_aware_60_10_10_original_source_split_ignored
kaggle_e718240b7af76054,oil_filter,kaggle50:oil_filter:kaggle_e718240b7af76054,train,44,data/images/dataset_v3/train/oil_filter/oil_filter_train_044_e718240b7af76054.jpg,e718240b7af76054f7410ae9d2968c140ef0b98b7d23aca05c957b4a58c4d14e,dataset-v3-split-v1,99a42d8d37d849e961e8ec830bb5f2dabd2b9460002b54fd5f529d9e60615784,gpiosenka/car-parts-40-classes,car parts 50,train,False,deterministic_group_aware_60_10_10_original_source_split_ignored
kaggle_360bfdbbc7799c49,oil_filter,kaggle50:oil_filter:kaggle_360bfdbbc7799c49,train,45,data/images/dataset_v3/train/oil_filter/oil_filter_train_045_360bfdbbc7799c49.jpg,360bfdbbc7799c493b8857c7a0a9b6e2d06b3238d90faf4dbe5c7a2d8c4bd928,dataset-v3-split-v1,9aa683392267f53935e4382be847c2880c4aeccb3ff7becbc1409568f0861c9c,gpiosenka/car-parts-40-classes,car parts 50,train,False,deterministic_group_aware_60_10_10_original_source_split_ignored
kaggle_fe6f06ae48b1f85f,oil_filter,kaggle50:oil_filter:kaggle_fe6f06ae48b1f85f,train,46,data/images/dataset_v3/train/oil_filter/oil_filter_train_046_fe6f06ae48b1f85f.jpg,fe6f06ae48b1f85f72faba96306996dbf2960f38017f3a63ee71a4679145776a,dataset-v3-split-v1,9be17de6c8fef94d4d49816bf841c9121804bf73cd26a8fdab58daf7f5d595d4,gpiosenka/car-parts-40-classes,car parts 50,train,False,deterministic_group_aware_60_10_10_original_source_split_ignored
kaggle_9d277dd469a5487c,oil_filter,kaggle50:oil_filter:kaggle_9d277dd469a5487c,train,47,data/images/dataset_v3/train/oil_filter/oil_filter_train_047_9d277dd469a5487c.jpg,9d277dd469a5487cf0f26f923336c27e6d005d7e2d36ebd765057bf802997099,dataset-v3-split-v1,9be634e34b39b575b0e5aec65ad496e0c0970281c281195172154e02de37272e,gpiosenka/car-parts-40-classes,car parts 50,train,False,deterministic_group_aware_60_10_10_original_source_split_ignored
kaggle_7584f70d7cd8b4ba,oil_filter,kaggle50:oil_filter:kaggle_7584f70d7cd8b4ba,train,48,data/images/dataset_v3/train/oil_filter/oil_filter_train_048_7584f70d7cd8b4ba.jpg,7584f70d7cd8b4ba149aacde556b7fb61c85f00d53e9adbaf43d983437e23c58,dataset-v3-split-v1,9cb9833d5ca0e845e1a380c6d551ddc8e84553d82f9839b02c7dc8ff567114bf,gpiosenka/car-parts-40-classes,car parts 50,train,False,deterministic_group_aware_60_10_10_original_source_split_ignored
kaggle_e9dcbe7e52d097db,oil_filter,kaggle50:oil_filter:kaggle_e9dcbe7e52d097db,train,49,data/images/dataset_v3/train/oil_filter/oil_filter_train_049_e9dcbe7e52d097db.jpg,e9dcbe7e52d097db62d89a426a314b2bdfdb5afd2b4614f784fe74f4611f6228,dataset-v3-split-v1,a05a48adb752a78238300d72afeaa66ecb2349f99b831aba018ff503621dd670,gpiosenka/car-parts-40-classes,car parts 50,train,False,deterministic_group_aware_60_10_10_original_source_split_ignored
kaggle_43b68d5f7884ce3c,oil_filter,kaggle50:oil_filter:kaggle_43b68d5f7884ce3c,train,50,data/images/dataset_v3/train/oil_filter/oil_filter_train_050_43b68d5f7884ce3c.jpg,43b68d5f7884ce3c34a6a307cc8f40e839940e257318b4d4108a6e0b1d9c3b12,dataset-v3-split-v1,a0ec5333e0e32e2218f036d543bf8e0442b8a7f8db56d65ed1aa4731779d26fc,gpiosenka/car-parts-40-classes,car parts 50,train,False,deterministic_group_aware_60_10_10_original_source_split_ignored
kaggle_cac6c745e6cc91d7,oil_filter,kaggle50:oil_filter:kaggle_cac6c745e6cc91d7,train,51,data/images/dataset_v3/train/oil_filter/oil_filter_train_051_cac6c745e6cc91d7.jpg,cac6c745e6cc91d74cc0a1b62f5987dfc42336135a728932c26fea4f12046501,dataset-v3-split-v1,a7bb020ead8569112cfe1f6d2dcfbff4af2411ce1459b1cbfb913f5bdf28918a,gpiosenka/car-parts-40-classes,car parts 50,train,False,deterministic_group_aware_60_10_10_original_source_split_ignored
kaggle_837707893c85ebe6,oil_filter,kaggle50:oil_filter:kaggle_837707893c85ebe6,train,52,data/images/dataset_v3/train/oil_filter/oil_filter_train_052_837707893c85ebe6.jpg,837707893c85ebe6aedb47e93cf5f81f9eb6b4735bb8fbce07ab096e0817b499,dataset-v3-split-v1,a84516d9c884b4c43639bba79da2d73883b396b5128c17c0988475edf558ffe6,gpiosenka/car-parts-40-classes,car parts 50,train,False,deterministic_group_aware_60_10_10_original_source_split_ignored
kaggle_9931edf8eec1211f,oil_filter,kaggle50:oil_filter:kaggle_9931edf8eec1211f,train,53,data/images/dataset_v3/train/oil_filter/oil_filter_train_053_9931edf8eec1211f.jpg,9931edf8eec1211f026591623521a6b744665a988fb29afe98304b9d2716b6e8,dataset-v3-split-v1,acb4319c9354087eeaafe58adb723274269286ebb15dfa1dc2d0df3601c80f53,gpiosenka/car-parts-40-classes,car parts 50,train,False,deterministic_group_aware_60_10_10_original_source_split_ignored
kaggle_69ae3968fc0dff33,oil_filter,kaggle50:oil_filter:kaggle_69ae3968fc0dff33,train,54,data/images/dataset_v3/train/oil_filter/oil_filter_train_054_69ae3968fc0dff33.jpg,69ae3968fc0dff3323b96d2d356a7ed2460f11ff74ff0923e6e5d5effa422bbf,dataset-v3-split-v1,af7ec362bd43702085e26d96064da61873047fc02ab20b9454e3de1680f4d229,gpiosenka/car-parts-40-classes,car parts 50,validation,False,deterministic_group_aware_60_10_10_original_source_split_ignored
kaggle_bb8929c80625c84e,oil_filter,kaggle50:oil_filter:kaggle_bb8929c80625c84e,train,55,data/images/dataset_v3/train/oil_filter/oil_filter_train_055_bb8929c80625c84e.jpg,bb8929c80625c84e3a0ebaf47902606b005e8df5da30ed39ee47bf3ac5f36720,dataset-v3-split-v1,b4bbeb73581d485350da4ef1a1b2ef2f7d765e64f652393b58dcce91adb36987,gpiosenka/car-parts-40-classes,car parts 50,train,False,deterministic_group_aware_60_10_10_original_source_split_ignored
kaggle_c2fdae0acddb8671,oil_filter,kaggle50:oil_filter:kaggle_c2fdae0acddb8671,train,56,data/images/dataset_v3/train/oil_filter/oil_filter_train_056_c2fdae0acddb8671.jpg,c2fdae0acddb86711557d4bb4e989f4e209a97eddc09281e5b33d463bf51bcd7,dataset-v3-split-v1,b8b33ed73917497d21472eb53d831c929db3c00b7c19be70f37002a762bde464,gpiosenka/car-parts-40-classes,car parts 50,train,False,deterministic_group_aware_60_10_10_original_source_split_ignored
kaggle_bdfaf2bb99af3a68,oil_filter,kaggle50:oil_filter:kaggle_bdfaf2bb99af3a68,train,57,data/images/dataset_v3/train/oil_filter/oil_filter_train_057_bdfaf2bb99af3a68.jpg,bdfaf2bb99af3a689565dd60dee4cc33d730762b562e10da31d71a852b7bce4c,dataset-v3-split-v1,bb81fa61cbbcdf69ab7c12dad2c3e0af574b7e7e2123b53db64cea887b2b178c,gpiosenka/car-parts-40-classes,car parts 50,train,False,deterministic_group_aware_60_10_10_original_source_split_ignored
kaggle_b01dc027c9f12dc6,oil_filter,kaggle50:oil_filter:kaggle_b01dc027c9f12dc6,train,58,data/images/dataset_v3/train/oil_filter/oil_filter_train_058_b01dc027c9f12dc6.jpg,b01dc027c9f12dc6e9339d1ef313e6c2a0ef5fe2e3692a1f6ea0fde97d167cdd,dataset-v3-split-v1,bc39c4ac56e7a6fccbbf90302d067efa1ef82f85d6c13843ac7a7f784be5b497,gpiosenka/car-parts-40-classes,car parts 50,test,False,deterministic_group_aware_60_10_10_original_source_split_ignored
kaggle_ce8100b162fc1eb2,oil_filter,kaggle50:oil_filter:kaggle_ce8100b162fc1eb2,train,59,data/images/dataset_v3/train/oil_filter/oil_filter_train_059_ce8100b162fc1eb2.jpg,ce8100b162fc1eb2a7dddf902f6def9d92ef4cab7f78eceae1039e7f1d904d9e,dataset-v3-split-v1,bdc5186ccbc6f670dca949f6ec127a7e2731ffe373a9b12780e8cec526655841,gpiosenka/car-parts-40-classes,car parts 50,train,False,deterministic_group_aware_60_10_10_original_source_split_ignored
kaggle_cb7ee8115b7c19e0,oil_filter,kaggle50:oil_filter:kaggle_cb7ee8115b7c19e0,train,60,data/images/dataset_v3/train/oil_filter/oil_filter_train_060_cb7ee8115b7c19e0.jpg,cb7ee8115b7c19e021780321018319359791b6611499cc3aad2b07905365b40f,dataset-v3-split-v1,c02a73fe7825cf17623a98b5c4f0e67d1786e8f2057c747369a18c37ca9f171a,gpiosenka/car-parts-40-classes,car parts 50,train,False,deterministic_group_aware_60_10_10_original_source_split_ignored
kaggle_b71ca9c78a5a5e26,starter,kaggle50:starter:kaggle_b71ca9c78a5a5e26,train,1,data/images/dataset_v3/train/starter/starter_train_001_b71ca9c78a5a5e26.jpg,b71ca9c78a5a5e269cee78062f4321ad58cf20392594e216b56ec9bddcf0df8b,dataset-v3-split-v1,007217ea71a670c0d354d0c64b422b9a2549127503251aba7c1f59ebb1cfef3a,gpiosenka/car-parts-40-classes,car parts 50,train,False,deterministic_group_aware_60_10_10_original_source_split_ignored
kaggle_12a219d0a8875ec1,starter,kaggle50:starter:kaggle_12a219d0a8875ec1,train,2,data/images/dataset_v3/train/starter/starter_train_002_12a219d0a8875ec1.jpg,12a219d0a8875ec13200b7fe2aa6ebb241757c26876f70cc43ed63ba3a899861,dataset-v3-split-v1,049f0a22b3c2e5d4616423dac77d2b79fea098c5f79f3b096eb981b56732e73e,gpiosenka/car-parts-40-classes,car parts 50,train,False,deterministic_group_aware_60_10_10_original_source_split_ignored
kaggle_a4a0b81a64ff32b2,starter,kaggle50:starter:kaggle_a4a0b81a64ff32b2,train,3,data/images/dataset_v3/train/starter/starter_train_003_a4a0b81a64ff32b2.jpg,a4a0b81a64ff32b2cb686f625fca6b547f5f4f54e73c1d9acfdeebb197f9d901,dataset-v3-split-v1,08cf7cf7947e8bcf96469e94f1177139ad154617bf8d99ef6392ab993ce15267,gpiosenka/car-parts-40-classes,car parts 50,train,False,deterministic_group_aware_60_10_10_original_source_split_ignored
kaggle_9ec9504bdff4e1ba,starter,kaggle50:starter:kaggle_9ec9504bdff4e1ba,train,4,data/images/dataset_v3/train/starter/starter_train_004_9ec9504bdff4e1ba.jpg,9ec9504bdff4e1ba2994848f995144373b0fda75e010e954737f05554f2bf487,dataset-v3-split-v1,109497019f5e524a29a2bc45c778616cdbc1f53e435b6adc61a2d3eb6ca01954,gpiosenka/car-parts-40-classes,car parts 50,train,False,deterministic_group_aware_60_10_10_original_source_split_ignored
kaggle_54cffa4a717064bb,starter,kaggle50:starter:kaggle_54cffa4a717064bb,train,5,data/images/dataset_v3/train/starter/starter_train_005_54cffa4a717064bb.jpg,54cffa4a717064bb17f7aa6c6910220b8422684e299e94d96eb66481e0649ae8,dataset-v3-split-v1,1a83c42908ff4706a24c763f1d6fecb124e7334872757875253a10410f8f64fd,gpiosenka/car-parts-40-classes,car parts 50,train,False,deterministic_group_aware_60_10_10_original_source_split_ignored
kaggle_b8bc0e9153b82a9b,starter,kaggle50:starter:kaggle_b8bc0e9153b82a9b,train,6,data/images/dataset_v3/train/starter/starter_train_006_b8bc0e9153b82a9b.jpg,b8bc0e9153b82a9b474f3fc84795811ee5988071ff4a32fb3ba1ea7b9ca0fdc7,dataset-v3-split-v1,1d7da93253dc170b741e6bc399b328016deee7eef62983f0b7b38a56901e1597,gpiosenka/car-parts-40-classes,car parts 50,train,False,deterministic_group_aware_60_10_10_original_source_split_ignored
kaggle_4bb27c5e1cd0a711,starter,kaggle50:starter:kaggle_4bb27c5e1cd0a711,train,7,data/images/dataset_v3/train/starter/starter_train_007_4bb27c5e1cd0a711.jpg,4bb27c5e1cd0a7112791f4f785ec51f23492b869dece55f5fa724139a337b4e8,dataset-v3-split-v1,1ec987deb754ebd073f0fdd65daf97f2a2522857c36ba06076fc35546d9e7b9b,gpiosenka/car-parts-40-classes,car parts 50,train,False,deterministic_group_aware_60_10_10_original_source_split_ignored
kaggle_2b3d81a5003420de,starter,kaggle50:starter:kaggle_2b3d81a5003420de,train,8,data/images/dataset_v3/train/starter/starter_train_008_2b3d81a5003420de.jpg,2b3d81a5003420de2c83b9fa63ea7d786d22036a035e502c677859c963480a66,dataset-v3-split-v1,1f37db347f49a97d3bf994490dea8a48cfaff16b8f8f9cbc3be7a1b19c535902,gpiosenka/car-parts-40-classes,car parts 50,train,False,deterministic_group_aware_60_10_10_original_source_split_ignored
kaggle_fd4fbe7b647addd9,starter,kaggle50:starter:kaggle_fd4fbe7b647addd9,train,9,data/images/dataset_v3/train/starter/starter_train_009_fd4fbe7b647addd9.jpg,fd4fbe7b647addd9cbee307f907d83ccb505f83a50bb6768faeaae1102e22fc5,dataset-v3-split-v1,2640c04c1794ac6dd7a6dc0f58ab379431bf96a3414c5665647563cf17149a45,gpiosenka/car-parts-40-classes,car parts 50,train,False,deterministic_group_aware_60_10_10_original_source_split_ignored
kaggle_23473812efa0e940,starter,kaggle50:starter:kaggle_23473812efa0e940,train,10,data/images/dataset_v3/train/starter/starter_train_010_23473812efa0e940.jpg,23473812efa0e9402bafc21eeca8b44491bff835da6b82a9fa6d422ca61ce8c2,dataset-v3-split-v1,276c773dcc19ff8bd675baaddfeb88aa36c5161d87e019b58d3ef97ace45909e,gpiosenka/car-parts-40-classes,car parts 50,train,False,deterministic_group_aware_60_10_10_original_source_split_ignored
kaggle_30092df8d491964b,starter,kaggle50:starter:kaggle_30092df8d491964b,train,11,data/images/dataset_v3/train/starter/starter_train_011_30092df8d491964b.jpg,30092df8d491964bca7afd88f7d00bfc6faad0a3d0fa202d9fae1924ef64fba2,dataset-v3-split-v1,2e71046a8e988bf982dd310a7dac0d65fcc694a750ba351be7808000921998cd,gpiosenka/car-parts-40-classes,car parts 50,train,False,deterministic_group_aware_60_10_10_original_source_split_ignored
kaggle_15888483c0b4f56d,starter,kaggle50:starter:kaggle_15888483c0b4f56d,train,12,data/images/dataset_v3/train/starter/starter_train_012_15888483c0b4f56d.jpg,15888483c0b4f56d9dee881c01766a672eaf6a25b03ba05956baf6b8e76f449a,dataset-v3-split-v1,2e7ac266cb6674eaedd2046b2d9e2650740039e1075f471d122cae85784a6f19,gpiosenka/car-parts-40-classes,car parts 50,train,False,deterministic_group_aware_60_10_10_original_source_split_ignored
kaggle_201ab12254040fcf,starter,kaggle50:starter:kaggle_201ab12254040fcf,train,13,data/images/dataset_v3/train/starter/starter_train_013_201ab12254040fcf.jpg,201ab12254040fcf78c5d8d4dcf1d3b005b7652d29a8ea9d2866c32e0cd3d785,dataset-v3-split-v1,2e9384d5a4dcf106aff70274cb805a49194dcef682b037262af39b6f34fec077,gpiosenka/car-parts-40-classes,car parts 50,train,False,deterministic_group_aware_60_10_10_original_source_split_ignored
kaggle_c509189b7f3bf2d2,starter,kaggle50:starter:kaggle_c509189b7f3bf2d2,train,14,data/images/dataset_v3/train/starter/starter_train_014_c509189b7f3bf2d2.jpg,c509189b7f3bf2d22aafdd241af11e1f1cd99c48122a5a245da9f156bc253430,dataset-v3-split-v1,3501ec71565e397c0a8580e2532fd590c55ddcbc880ed34ed1bacdfa294c9d32,gpiosenka/car-parts-40-classes,car parts 50,train,False,deterministic_group_aware_60_10_10_original_source_split_ignored
kaggle_a35c93bd696e2b41,starter,kaggle50:starter:kaggle_a35c93bd696e2b41,train,15,data/images/dataset_v3/train/starter/starter_train_015_a35c93bd696e2b41.jpg,a35c93bd696e2b41f2cf1f3d2cecafde8fa6c1ea3374edb057e9bc722d77749f,dataset-v3-split-v1,362d24405713a1adc9d0a1e65962694b34dd10c7baace1b4023c1de637769a57,gpiosenka/car-parts-40-classes,car parts 50,train,False,deterministic_group_aware_60_10_10_original_source_split_ignored
kaggle_9e35913d2e5b2537,starter,kaggle50:starter:kaggle_9e35913d2e5b2537,train,16,data/images/dataset_v3/train/starter/starter_train_016_9e35913d2e5b2537.jpg,9e35913d2e5b2537d2496d6d8b9f15352e0aca4a8b82e80e63dc34baf3cf7dfe,dataset-v3-split-v1,38bd969dcba1542246d758fde8298914073761bf2438f7e46fea10607454c7e7,gpiosenka/car-parts-40-classes,car parts 50,train,False,deterministic_group_aware_60_10_10_original_source_split_ignored
kaggle_6c2da9c059c98735,starter,kaggle50:starter:kaggle_6c2da9c059c98735,train,17,data/images/dataset_v3/train/starter/starter_train_017_6c2da9c059c98735.jpg,6c2da9c059c98735e151f12a7acad852d63e13f6666856bdad2fe02d84bda728,dataset-v3-split-v1,3a3df2eade6b10cfb18966c083d329974f6659af51004878fdc148af18f5d70f,gpiosenka/car-parts-40-classes,car parts 50,train,False,deterministic_group_aware_60_10_10_original_source_split_ignored
kaggle_7e9a83dc906ae312,starter,kaggle50:starter:kaggle_7e9a83dc906ae312,train,18,data/images/dataset_v3/train/starter/starter_train_018_7e9a83dc906ae312.jpg,7e9a83dc906ae31223cd00ce1b7ef563d52fd13a58a9e63a7ca3d77f995793f1,dataset-v3-split-v1,3f7e1384a4043b322219c0bb3ea76743e25f76ac66c3eaa87ce822b6d25b2780,gpiosenka/car-parts-40-classes,car parts 50,train,False,deterministic_group_aware_60_10_10_original_source_split_ignored
kaggle_4f61f436378be779,starter,kaggle50:starter:kaggle_4f61f436378be779,train,19,data/images/dataset_v3/train/starter/starter_train_019_4f61f436378be779.jpg,4f61f436378be779ff1199cc902841324fd579da5ac19fd62661b707e171fc26,dataset-v3-split-v1,41b1d78e5df62f5cb9f4efe5afea5ddc09017e57c77e4b86222f6906e801912f,gpiosenka/car-parts-40-classes,car parts 50,train,False,deterministic_group_aware_60_10_10_original_source_split_ignored
kaggle_43b9a3a4b32bc616,starter,kaggle50:starter:kaggle_43b9a3a4b32bc616,train,20,data/images/dataset_v3/train/starter/starter_train_020_43b9a3a4b32bc616.jpg,43b9a3a4b32bc616f9d296e35a5e19757cabffaeb646db2e40383b1021b3eab1,dataset-v3-split-v1,42da7c1b4d8b25050efb919b66d7b55439cb2c32d5fc86c67f8859f8d796322f,gpiosenka/car-parts-40-classes,car parts 50,train,False,deterministic_group_aware_60_10_10_original_source_split_ignored
kaggle_e735d0ad01440953,starter,kaggle50:starter:kaggle_e735d0ad01440953,train,21,data/images/dataset_v3/train/starter/starter_train_021_e735d0ad01440953.jpg,e735d0ad0144095370140678f623625bb9878c50dd998756118b868f5cafe9f5,dataset-v3-split-v1,49a6243bd2c5fcb5297e61f403bbe184096b8e49686aa0190c2d9d80d7e636d1,gpiosenka/car-parts-40-classes,car parts 50,train,False,deterministic_group_aware_60_10_10_original_source_split_ignored
kaggle_911332f3dfe30103,starter,kaggle50:starter:kaggle_911332f3dfe30103,train,22,data/images/dataset_v3/train/starter/starter_train_022_911332f3dfe30103.jpg,911332f3dfe30103f640a99471fe2a665d9a8f30239d0de7c0095d5258549964,dataset-v3-split-v1,5260462fc0099f3c58970b2edfc49bf99152a4ba40b21bf9677c168cdb71b911,gpiosenka/car-parts-40-classes,car parts 50,train,False,deterministic_group_aware_60_10_10_original_source_split_ignored
kaggle_e1591bb4151e0129,starter,kaggle50:starter:kaggle_e1591bb4151e0129,train,23,data/images/dataset_v3/train/starter/starter_train_023_e1591bb4151e0129.jpg,e1591bb4151e012989ad56b368761db1d73a891865b463d3cf2e9d6f0eb2394e,dataset-v3-split-v1,53a25a41ad4e6fbc675fc05e735cd10df7b90c1d22e22fec2f2e83ad57fd4629,gpiosenka/car-parts-40-classes,car parts 50,train,False,deterministic_group_aware_60_10_10_original_source_split_ignored
kaggle_d092c384c7a8e948,starter,kaggle50:starter:kaggle_d092c384c7a8e948,train,24,data/images/dataset_v3/train/starter/starter_train_024_d092c384c7a8e948.jpg,d092c384c7a8e94824d6404bde4c6d47ccc368f2216705c3d85a5ec9ef3ef748,dataset-v3-split-v1,56ce59fb672c25f0ce7f2a2a366e06b34d6b01a3767f0c1109d014d3feb324a9,gpiosenka/car-parts-40-classes,car parts 50,train,False,deterministic_group_aware_60_10_10_original_source_split_ignored
kaggle_ca77116577b5f3cf,starter,kaggle50:starter:kaggle_ca77116577b5f3cf,train,25,data/images/dataset_v3/train/starter/starter_train_025_ca77116577b5f3cf.jpg,ca77116577b5f3cf55ebc144de296fc0beed0f5c2ee09c100ac965f02dd0e6fa,dataset-v3-split-v1,582c0c645fb6e2497c087bd7c27ba8dc9c936b4d024e09708dd69bffa544e686,gpiosenka/car-parts-40-classes,car parts 50,train,False,deterministic_group_aware_60_10_10_original_source_split_ignored
kaggle_42433acd95bff433,starter,kaggle50:starter:kaggle_42433acd95bff433,train,26,data/images/dataset_v3/train/starter/starter_train_026_42433acd95bff433.jpg,42433acd95bff433137dbebd3e1a56367f2a61bb8ee1e8f76225b402fdcc2b52,dataset-v3-split-v1,5958967909b2a8fc3403d88bafe4256c5b14d4f605f181ca347db34a7ae39c5d,gpiosenka/car-parts-40-classes,car parts 50,train,False,deterministic_group_aware_60_10_10_original_source_split_ignored
kaggle_8e6379f44b216f76,starter,kaggle50:starter:kaggle_8e6379f44b216f76,train,27,data/images/dataset_v3/train/starter/starter_train_027_8e6379f44b216f76.jpg,8e6379f44b216f76ea30ca8ead794dabb81df40a6999c57931b80f8c1ad7272a,dataset-v3-split-v1,60f41aec0ad824c5ea308f8d8bdc9a7149a2cf0f989f6482a8c9f0643c3336f8,gpiosenka/car-parts-40-classes,car parts 50,train,False,deterministic_group_aware_60_10_10_original_source_split_ignored
kaggle_95ff0b5b71049afc,starter,kaggle50:starter:kaggle_95ff0b5b71049afc,train,28,data/images/dataset_v3/train/starter/starter_train_028_95ff0b5b71049afc.jpg,95ff0b5b71049afc93942a7b608444bc19390f38aff3dd3ccb35409474c2105e,dataset-v3-split-v1,619b554760d3b7f1a6b5d656b98cbe0c15c2f4585ee76122029549ee18474771,gpiosenka/car-parts-40-classes,car parts 50,train,False,deterministic_group_aware_60_10_10_original_source_split_ignored
kaggle_4e3f11048b37ede4,starter,kaggle50:starter:kaggle_4e3f11048b37ede4,train,29,data/images/dataset_v3/train/starter/starter_train_029_4e3f11048b37ede4.jpg,4e3f11048b37ede4a178b3e583f0b92bc8fc287f4127afe5c8a873f4a395e079,dataset-v3-split-v1,676bdfbd421bd63e1d1e5c5e2609a33d65d2262299c245842bd63ddf203813d5,gpiosenka/car-parts-40-classes,car parts 50,train,False,deterministic_group_aware_60_10_10_original_source_split_ignored
kaggle_39345c21cc106fac,starter,kaggle50:starter:kaggle_39345c21cc106fac,train,30,data/images/dataset_v3/train/starter/starter_train_030_39345c21cc106fac.jpg,39345c21cc106fac543d3475960a1bf5774fd6ab46b424e2dd4cf42038e2edb3,dataset-v3-split-v1,6da65f014e4f20a9ff048a5e36f10852a48426360f3e4abf45d61e0db9ac82cb,gpiosenka/car-parts-40-classes,car parts 50,train,False,deterministic_group_aware_60_10_10_original_source_split_ignored
kaggle_0cde1ceea3bd0f90,starter,kaggle50:starter:kaggle_0cde1ceea3bd0f90,train,31,data/images/dataset_v3/train/starter/starter_train_031_0cde1ceea3bd0f90.jpg,0cde1ceea3bd0f90999f153b12842b79e680a1369cdddd68697ad39f45d87bec,dataset-v3-split-v1,786b714ef98f189e15f7543d6def3534c7d17a873d7ff86a29d2d533fb430396,gpiosenka/car-parts-40-classes,car parts 50,train,False,deterministic_group_aware_60_10_10_original_source_split_ignored
kaggle_a8e1c4711c0215a1,starter,kaggle50:starter:kaggle_a8e1c4711c0215a1,train,32,data/images/dataset_v3/train/starter/starter_train_032_a8e1c4711c0215a1.jpg,a8e1c4711c0215a1496f4b6f533841ef6e2568f530e32a0bdab5ef54e1f1424d,dataset-v3-split-v1,793ea3dd08b4f0e21826f6a2d2abced1be5147b3e78fda6a4fb365c4796a9a3a,gpiosenka/car-parts-40-classes,car parts 50,train,False,deterministic_group_aware_60_10_10_original_source_split_ignored
kaggle_83c2c3f1fcb2564a,starter,kaggle50:starter:kaggle_83c2c3f1fcb2564a,train,33,data/images/dataset_v3/train/starter/starter_train_033_83c2c3f1fcb2564a.jpg,83c2c3f1fcb2564ad099753ba8031ac7dd5c5dc9bebab8e85cb759a65911b8a5,dataset-v3-split-v1,7cc99960d50c228a7b75d08391b53fc14accd29d1a69971c8264c904807fa306,gpiosenka/car-parts-40-classes,car parts 50,test,False,deterministic_group_aware_60_10_10_original_source_split_ignored
kaggle_78546a283c34435e,starter,kaggle50:starter:kaggle_78546a283c34435e,train,34,data/images/dataset_v3/train/starter/starter_train_034_78546a283c34435e.jpg,78546a283c34435ec9b5f4aff2fe537960b7e33262504bf7502ea42f77876fae,dataset-v3-split-v1,7e812e89b7a26b98108c6e88ffd180f55858e25bd6baefa31d0edb2db40277ad,gpiosenka/car-parts-40-classes,car parts 50,train,False,deterministic_group_aware_60_10_10_original_source_split_ignored
kaggle_7a905e3e1734e5d2,starter,kaggle50:starter:kaggle_7a905e3e1734e5d2,train,35,data/images/dataset_v3/train/starter/starter_train_035_7a905e3e1734e5d2.jpg,7a905e3e1734e5d24ae36c54f877ec821dccbe8b91d50ec74df572ce52fcacd9,dataset-v3-split-v1,7fbd18edad1a763626aea48d7b8e64a3df1591cd3f10e0f24ab0e6b2b321823b,gpiosenka/car-parts-40-classes,car parts 50,train,False,deterministic_group_aware_60_10_10_original_source_split_ignored
kaggle_482fbab68e5a77b2,starter,kaggle50:starter:kaggle_482fbab68e5a77b2,train,36,data/images/dataset_v3/train/starter/starter_train_036_482fbab68e5a77b2.jpg,482fbab68e5a77b208a2424f31cf88025ddbd4d36abb35a6f98dd6add81867a6,dataset-v3-split-v1,7fcabb3f367756a2c933593bd4f871972474956f2f42baabbd2c30b0c95624f8,gpiosenka/car-parts-40-classes,car parts 50,train,False,deterministic_group_aware_60_10_10_original_source_split_ignored
kaggle_48513d2c8d55aef6,starter,kaggle50:starter:kaggle_48513d2c8d55aef6,train,37,data/images/dataset_v3/train/starter/starter_train_037_48513d2c8d55aef6.jpg,48513d2c8d55aef688268f9323d0d6f74d0d11fcac6a79ea11e14fba8156069d,dataset-v3-split-v1,804547cdc41ddb05d1b44eacc5b311eb707ae86c061f87cb61e4984a8b786e4d,gpiosenka/car-parts-40-classes,car parts 50,train,False,deterministic_group_aware_60_10_10_original_source_split_ignored
kaggle_ced918590f940a95,starter,kaggle50:starter:kaggle_ced918590f940a95,train,38,data/images/dataset_v3/train/starter/starter_train_038_ced918590f940a95.jpg,ced918590f940a9553f8aebab2fcc95d54718cbe062863c2cddcd188d5223869,dataset-v3-split-v1,82142c6ec8247ae384a1771163b4eef52b142859d66039c113545c8425350590,gpiosenka/car-parts-40-classes,car parts 50,train,False,deterministic_group_aware_60_10_10_original_source_split_ignored
kaggle_782b3697190bd8e0,starter,kaggle50:starter:kaggle_782b3697190bd8e0,train,39,data/images/dataset_v3/train/starter/starter_train_039_782b3697190bd8e0.jpg,782b3697190bd8e04a447f21fedccafbd7880fee40c35602463b414139e22c33,dataset-v3-split-v1,8d81b231a6f8af84c3e0d8fbdc630d4784dac1d18f73a880fa4de6fc03bdb09f,gpiosenka/car-parts-40-classes,car parts 50,train,False,deterministic_group_aware_60_10_10_original_source_split_ignored
kaggle_22bde61b8f331937,starter,kaggle50:starter:kaggle_22bde61b8f331937,train,40,data/images/dataset_v3/train/starter/starter_train_040_22bde61b8f331937.jpg,22bde61b8f33193702a68e2ef4856c916363ad72667647f3b398badee7ec8f27,dataset-v3-split-v1,8e58643c567a11b5fe22bcf03da844202a61806632737f540965904853bb6a7d,gpiosenka/car-parts-40-classes,car parts 50,train,False,deterministic_group_aware_60_10_10_original_source_split_ignored
kaggle_660d9dcddc4710a2,starter,kaggle50:starter:kaggle_660d9dcddc4710a2,train,41,data/images/dataset_v3/train/starter/starter_train_041_660d9dcddc4710a2.jpg,660d9dcddc4710a2c0e2b0a0fa97acbafb5971a5f8c0cd1bee6eafecd9e1a221,dataset-v3-split-v1,8e7b01d8f65823d89a3346dc558107aa9cd18db456faf5b318928c65ff5278cb,gpiosenka/car-parts-40-classes,car parts 50,train,False,deterministic_group_aware_60_10_10_original_source_split_ignored
kaggle_4ea730816bd881b8,starter,kaggle50:starter:kaggle_4ea730816bd881b8,train,42,data/images/dataset_v3/train/starter/starter_train_042_4ea730816bd881b8.jpg,4ea730816bd881b82d181fa292f620fcc8a4f134e579ca1437364e5ac470bafb,dataset-v3-split-v1,8ea01e024641663b02d720bbfece05c54625e527a7146401a7a9b3f68b40c349,gpiosenka/car-parts-40-classes,car parts 50,train,False,deterministic_group_aware_60_10_10_original_source_split_ignored
kaggle_fd839146d22eee10,starter,kaggle50:starter:kaggle_fd839146d22eee10,train,43,data/images/dataset_v3/train/starter/starter_train_043_fd839146d22eee10.jpg,fd839146d22eee1020a678d666a4f14bc42195294c1199eebf2c0eb5cf4f7d16,dataset-v3-split-v1,924c540d640f676546989ee544b3586c13b7ee1a9bfb305766bbd2e7b7626594,gpiosenka/car-parts-40-classes,car parts 50,train,False,deterministic_group_aware_60_10_10_original_source_split_ignored
kaggle_700bb5c7d606f29f,starter,kaggle50:starter:kaggle_700bb5c7d606f29f,train,44,data/images/dataset_v3/train/starter/starter_train_044_700bb5c7d606f29f.jpg,700bb5c7d606f29f71f47955b01a51384b34f4f9e30c18e2c858a06f8fc49f5a,dataset-v3-split-v1,9526d3ff4aea6fd669f9e50f813efb57ced89be24f5ba5eac747e0ea36e50f52,gpiosenka/car-parts-40-classes,car parts 50,train,False,deterministic_group_aware_60_10_10_original_source_split_ignored
kaggle_8519e913a735c0cd,starter,kaggle50:starter:kaggle_8519e913a735c0cd,train,45,data/images/dataset_v3/train/starter/starter_train_045_8519e913a735c0cd.jpg,8519e913a735c0cdc8647403ef96c7fb1202b02a1b8aab3cfa40bec2dea894fa,dataset-v3-split-v1,9bffbcfe8c3c777ec968a1891aed216695fb9a9a94736f5f5da3dd5638737b1b,gpiosenka/car-parts-40-classes,car parts 50,test,False,deterministic_group_aware_60_10_10_original_source_split_ignored
kaggle_9a26606748c4de58,starter,kaggle50:starter:kaggle_9a26606748c4de58,train,46,data/images/dataset_v3/train/starter/starter_train_046_9a26606748c4de58.jpg,9a26606748c4de5843d7ad7a3f16706fe38fd2b9d5f88566b3dfa5728a203e12,dataset-v3-split-v1,9ce6d085534d7b65f808bf3941f9685ae7de1350e098f60d542a079c1fc54f7b,gpiosenka/car-parts-40-classes,car parts 50,train,False,deterministic_group_aware_60_10_10_original_source_split_ignored
kaggle_127a14498d356df5,starter,kaggle50:starter:kaggle_127a14498d356df5,train,47,data/images/dataset_v3/train/starter/starter_train_047_127a14498d356df5.jpg,127a14498d356df5ba17d82c6154b0db8f6d5d671b2fb734ea26a504f7b48cab,dataset-v3-split-v1,9e3df9d2a476fc0e82b0502aae0b997c58bc7537ad121efd50df28d574b938cb,gpiosenka/car-parts-40-classes,car parts 50,train,False,deterministic_group_aware_60_10_10_original_source_split_ignored
kaggle_d54f2106a1cd7fe7,starter,kaggle50:starter:kaggle_d54f2106a1cd7fe7,train,48,data/images/dataset_v3/train/starter/starter_train_048_d54f2106a1cd7fe7.jpg,d54f2106a1cd7fe7ae4e3f705225841e14fd2e76585c6867a9e5f5eec29fff23,dataset-v3-split-v1,a0a5980204bca11b13d1afaf1d86294634b9dc7401297a74121d2a52a08b8603,gpiosenka/car-parts-40-classes,car parts 50,train,False,deterministic_group_aware_60_10_10_original_source_split_ignored
kaggle_3ebb66be6403a3a8,starter,kaggle50:starter:kaggle_3ebb66be6403a3a8,train,49,data/images/dataset_v3/train/starter/starter_train_049_3ebb66be6403a3a8.jpg,3ebb66be6403a3a87b0077c7d0572dd396b1960f7cdc6963b2bff2196ef709a8,dataset-v3-split-v1,a1062b04fe52ad235e0a7a58aeab2682114e1f65133b82fb3e802b59cb788737,gpiosenka/car-parts-40-classes,car parts 50,train,False,deterministic_group_aware_60_10_10_original_source_split_ignored
kaggle_20c5f4c37ba65f1a,starter,kaggle50:starter:kaggle_20c5f4c37ba65f1a,train,50,data/images/dataset_v3/train/starter/starter_train_050_20c5f4c37ba65f1a.jpg,20c5f4c37ba65f1ab11c57d81f515babd3f58d6f141b34c306020bf55f5b9764,dataset-v3-split-v1,ab1da1ede8fed0fa1981f196c6d7eba6300b5ed0676a1393b0dfd636d597a0f4,gpiosenka/car-parts-40-classes,car parts 50,train,False,deterministic_group_aware_60_10_10_original_source_split_ignored
kaggle_a596621d6282d7bb,starter,kaggle50:starter:kaggle_a596621d6282d7bb,train,51,data/images/dataset_v3/train/starter/starter_train_051_a596621d6282d7bb.jpg,a596621d6282d7bb65291a983ac448d33be78e9e46ccae9c170a919ea7a74017,dataset-v3-split-v1,ab530a55a7e75cb76cb6b1d7bab08170713f6e8d203660dc6ff99e8e2202029a,gpiosenka/car-parts-40-classes,car parts 50,train,False,deterministic_group_aware_60_10_10_original_source_split_ignored
kaggle_1e90c8ea4ba07ec6,starter,kaggle50:starter:kaggle_1e90c8ea4ba07ec6,train,52,data/images/dataset_v3/train/starter/starter_train_052_1e90c8ea4ba07ec6.jpg,1e90c8ea4ba07ec6995c5a79742a93e27f889d4e789430b36cc0acef2df5dc95,dataset-v3-split-v1,b1fe527dd6827840524452d09972a715f7260d1e456ba376b89c87513d75178d,gpiosenka/car-parts-40-classes,car parts 50,train,False,deterministic_group_aware_60_10_10_original_source_split_ignored
kaggle_ee653eb9570bc914,starter,kaggle50:starter:kaggle_ee653eb9570bc914,train,53,data/images/dataset_v3/train/starter/starter_train_053_ee653eb9570bc914.jpg,ee653eb9570bc914f9da15fc5742df4940606c1a5377c678ac4de783fa98f5b9,dataset-v3-split-v1,b25f5588b93e8602cab2b4a64972ac210e7c2ee1f367de9f34aaee79f6475d44,gpiosenka/car-parts-40-classes,car parts 50,train,False,deterministic_group_aware_60_10_10_original_source_split_ignored
kaggle_641cd1e977d0edb5,starter,kaggle50:starter:kaggle_641cd1e977d0edb5,train,54,data/images/dataset_v3/train/starter/starter_train_054_641cd1e977d0edb5.jpg,641cd1e977d0edb5ac859cb942e77e5403036a2cc92e167e3bba520cf3fe9057,dataset-v3-split-v1,b56bc5bbb2c63211f6cbfc0d819142b101fc7809926d935792b0432fbab46c9a,gpiosenka/car-parts-40-classes,car parts 50,train,False,deterministic_group_aware_60_10_10_original_source_split_ignored
kaggle_3a7c7730e6874348,starter,kaggle50:starter:kaggle_3a7c7730e6874348,train,55,data/images/dataset_v3/train/starter/starter_train_055_3a7c7730e6874348.jpg,3a7c7730e6874348abb5f961aa1a2ca7e722017065afc3cda24b9cc2a080c661,dataset-v3-split-v1,b5a46336e34e9bb9fae71838702f428bce6c361406b3771d5add254bec365cef,gpiosenka/car-parts-40-classes,car parts 50,train,False,deterministic_group_aware_60_10_10_original_source_split_ignored
kaggle_9fc2fabce046c4af,starter,kaggle50:starter:kaggle_9fc2fabce046c4af,train,56,data/images/dataset_v3/train/starter/starter_train_056_9fc2fabce046c4af.jpg,9fc2fabce046c4af8763f8b15132ee53a897c072fbde4ca72e21c103746ccc88,dataset-v3-split-v1,b818a2f750dbdf9523900d729b3cf194de465dabbc4a65f3a10b905b10dfeb84,gpiosenka/car-parts-40-classes,car parts 50,train,False,deterministic_group_aware_60_10_10_original_source_split_ignored
kaggle_4e5614842016e87a,starter,kaggle50:starter:kaggle_4e5614842016e87a,train,57,data/images/dataset_v3/train/starter/starter_train_057_4e5614842016e87a.jpg,4e5614842016e87a02936384aafb36fe80990e571262d84963c2d9553c66e8f0,dataset-v3-split-v1,ba63cec670c39cb0efac91508e922a4b793888bb462c988df185dc0ab5743a80,gpiosenka/car-parts-40-classes,car parts 50,train,False,deterministic_group_aware_60_10_10_original_source_split_ignored
kaggle_4840ac4ceaca1515,starter,kaggle50:starter:kaggle_4840ac4ceaca1515,train,58,data/images/dataset_v3/train/starter/starter_train_058_4840ac4ceaca1515.jpg,4840ac4ceaca1515f4c6abc214741d5e1d8c03df01ebfc7ad46509fae48767a3,dataset-v3-split-v1,ba84f21d8ba181879c2602425825fc392d02aa9e5e1c2d59d3f00baff4b5cf51,gpiosenka/car-parts-40-classes,car parts 50,train,False,deterministic_group_aware_60_10_10_original_source_split_ignored
kaggle_409742d35be94202,starter,kaggle50:starter:kaggle_409742d35be94202,train,59,data/images/dataset_v3/train/starter/starter_train_059_409742d35be94202.jpg,409742d35be94202e26a4a9c8d4c2aff80f3309effb36a338fc2c7e12997667f,dataset-v3-split-v1,bdd691b62182925a35a0247966a76ca6814a60abc0e2ac3e9b57e2d1786d63b2,gpiosenka/car-parts-40-classes,car parts 50,validation,False,deterministic_group_aware_60_10_10_original_source_split_ignored
kaggle_503ecf2d3d25869c,starter,kaggle50:starter:kaggle_503ecf2d3d25869c,train,60,data/images/dataset_v3/train/starter/starter_train_060_503ecf2d3d25869c.jpg,503ecf2d3d25869c136512cf7ec23ae0ef879d8cab0058d397cc6a8885f7b005,dataset-v3-split-v1,c93572d622d45d1dfacb4ca5d7613550ac18070fae84288967b001547d1a1eca,gpiosenka/car-parts-40-classes,car parts 50,train,False,deterministic_group_aware_60_10_10_original_source_split_ignored
kaggle_3a85a73937bfbc89,taillight,kaggle50:taillight:kaggle_3a85a73937bfbc89,train,1,data/images/dataset_v3/train/taillight/taillight_train_001_3a85a73937bfbc89.jpg,3a85a73937bfbc894fdecce2d99a715dc12834e556b1a69f026d44dff4f5f44f,dataset-v3-split-v1,077caeceee5cb9a88432930f16e4bf74207e794eb92547f51b2b7266dee1851f,gpiosenka/car-parts-40-classes,car parts 50,train,False,deterministic_group_aware_60_10_10_original_source_split_ignored
kaggle_555c2cd24c463a91,taillight,kaggle50:taillight:kaggle_555c2cd24c463a91,train,2,data/images/dataset_v3/train/taillight/taillight_train_002_555c2cd24c463a91.jpg,555c2cd24c463a91996eb95f087cc622c56bd7d086861b632141df6bc3d683e4,dataset-v3-split-v1,109715c628d7843a95794cd0d88b24952a2b0e0a8c9a38d518f9c6090d905ba6,gpiosenka/car-parts-40-classes,car parts 50,train,False,deterministic_group_aware_60_10_10_original_source_split_ignored
kaggle_b5ce70404a87d926,taillight,kaggle50:taillight:kaggle_b5ce70404a87d926,train,3,data/images/dataset_v3/train/taillight/taillight_train_003_b5ce70404a87d926.jpg,b5ce70404a87d9267b3ecf1ca02df2e2822b0b664a6039b598a89c57a7f0521f,dataset-v3-split-v1,1590ec354e81b26575e525b2b9d2cdb0360c5265cc84a269582913055e7ab075,gpiosenka/car-parts-40-classes,car parts 50,train,False,deterministic_group_aware_60_10_10_original_source_split_ignored
kaggle_0f7ac867c3f80031,taillight,kaggle50:taillight:kaggle_0f7ac867c3f80031,train,4,data/images/dataset_v3/train/taillight/taillight_train_004_0f7ac867c3f80031.jpg,0f7ac867c3f80031dc1265bb0e857bcb735ae2c41b872db182eed93e1c9775aa,dataset-v3-split-v1,183ae66e4f791ca24c4afa87adeb4e50703179245d8f0a1a9208cd88e827fa0a,gpiosenka/car-parts-40-classes,car parts 50,train,False,deterministic_group_aware_60_10_10_original_source_split_ignored
kaggle_88b7a012e1f98078,taillight,kaggle50:taillight:kaggle_88b7a012e1f98078,train,5,data/images/dataset_v3/train/taillight/taillight_train_005_88b7a012e1f98078.jpg,88b7a012e1f98078b9d8d0cba668b58785915bbc1000249ca91616379f708c20,dataset-v3-split-v1,1af569998ccf00422473ef7199e8dbef5ad886c09359a610124cdae6a7d10cd1,gpiosenka/car-parts-40-classes,car parts 50,train,False,deterministic_group_aware_60_10_10_original_source_split_ignored
kaggle_9fa65beded1e31c8,taillight,kaggle50:taillight:kaggle_9fa65beded1e31c8,train,6,data/images/dataset_v3/train/taillight/taillight_train_006_9fa65beded1e31c8.jpg,9fa65beded1e31c89ec0e36a2d576a63b2c13668513d86a31a7168e6ab4348d8,dataset-v3-split-v1,1c78b5f7a8ee918448d1933cfd476ef0e87e8df5c2195ef9b18bce9bab308d57,gpiosenka/car-parts-40-classes,car parts 50,train,False,deterministic_group_aware_60_10_10_original_source_split_ignored
kaggle_e6960d6e0e2d4260,taillight,kaggle50:taillight:kaggle_e6960d6e0e2d4260,train,7,data/images/dataset_v3/train/taillight/taillight_train_007_e6960d6e0e2d4260.jpg,e6960d6e0e2d4260914c0e453f9d8081ccb58c6f8de97e4c634151e82474ec6c,dataset-v3-split-v1,1cce7cbd9c34725c48d1b9ba5fc4c01bcf8e72f3f2978b4a56e7b3fd3d20800e,gpiosenka/car-parts-40-classes,car parts 50,train,False,deterministic_group_aware_60_10_10_original_source_split_ignored
kaggle_2bd58477e4578ad3,taillight,kaggle50:taillight:kaggle_2bd58477e4578ad3,train,8,data/images/dataset_v3/train/taillight/taillight_train_008_2bd58477e4578ad3.jpg,2bd58477e4578ad3ad2e9bdaab2e3ded8036f934095621c5f4e31d05e9c732ad,dataset-v3-split-v1,236233a40a1d82eadaf0b589f87f2e60d6f0f5d98e250c2a8eff7d97b0b6b75c,gpiosenka/car-parts-40-classes,car parts 50,train,False,deterministic_group_aware_60_10_10_original_source_split_ignored
kaggle_f172bf09b529484f,taillight,kaggle50:taillight:kaggle_f172bf09b529484f,train,9,data/images/dataset_v3/train/taillight/taillight_train_009_f172bf09b529484f.jpg,f172bf09b529484f021f27dc2714662986daee6a5e80be97005577c8989104f5,dataset-v3-split-v1,24a1b59eebec92fc4826818c56f7d5831d5f3ea35cbe90d5d304a18b4dc6329a,gpiosenka/car-parts-40-classes,car parts 50,train,False,deterministic_group_aware_60_10_10_original_source_split_ignored
kaggle_d4209ea8eead28d1,taillight,kaggle50:taillight:kaggle_d4209ea8eead28d1,train,10,data/images/dataset_v3/train/taillight/taillight_train_010_d4209ea8eead28d1.jpg,d4209ea8eead28d17e0fedd65f2241db623c9a96aaac6ef0ba61763f546a5e80,dataset-v3-split-v1,262992d6c76145686930eb2d1f8ab01ed84e30fa19fb4d8c7d75066d148e4828,gpiosenka/car-parts-40-classes,car parts 50,train,False,deterministic_group_aware_60_10_10_original_source_split_ignored
kaggle_ab8bae3258874845,taillight,kaggle50:taillight:kaggle_ab8bae3258874845,train,11,data/images/dataset_v3/train/taillight/taillight_train_011_ab8bae3258874845.jpg,ab8bae325887484530b960d3c6a55f32879dba33ec7aa46283b7207fa2f242dc,dataset-v3-split-v1,2aca8eb15843f78f48eca4bfa7b305d86754fddb0538aa735d80150cea74a195,gpiosenka/car-parts-40-classes,car parts 50,train,False,deterministic_group_aware_60_10_10_original_source_split_ignored
kaggle_50da64086b0d235e,taillight,kaggle50:taillight:kaggle_50da64086b0d235e,train,12,data/images/dataset_v3/train/taillight/taillight_train_012_50da64086b0d235e.jpg,50da64086b0d235ec96851df62799c503142240a36c940d5f6c51b5584b2853f,dataset-v3-split-v1,2bdf5819092a3c84743525ad8f7fd8349c099482ca4f8abd6f659e18ccb0b348,gpiosenka/car-parts-40-classes,car parts 50,train,False,deterministic_group_aware_60_10_10_original_source_split_ignored
kaggle_6a9fd65072717155,taillight,kaggle50:taillight:kaggle_6a9fd65072717155,train,13,data/images/dataset_v3/train/taillight/taillight_train_013_6a9fd65072717155.jpg,6a9fd65072717155ae172c2a96ca649dfbc3a84b69a1774deb8b96459592621a,dataset-v3-split-v1,2fad75f122dd135a61a0505da4f794e2b14ff6390f23519d23822f57bbdc5e30,gpiosenka/car-parts-40-classes,car parts 50,train,False,deterministic_group_aware_60_10_10_original_source_split_ignored
kaggle_2c79a5fd9c1a43ea,taillight,kaggle50:taillight:kaggle_2c79a5fd9c1a43ea,train,14,data/images/dataset_v3/train/taillight/taillight_train_014_2c79a5fd9c1a43ea.jpg,2c79a5fd9c1a43ea1eb5a0516f0e77864a8d3b831e024dc9b922d880df89c34b,dataset-v3-split-v1,31ee320ce5a7c179abe544908ed4cbcd88897b952aed48c464747264e6493e8d,gpiosenka/car-parts-40-classes,car parts 50,train,False,deterministic_group_aware_60_10_10_original_source_split_ignored
kaggle_a76cb58f69c0b6fa,taillight,kaggle50:taillight:kaggle_a76cb58f69c0b6fa,train,15,data/images/dataset_v3/train/taillight/taillight_train_015_a76cb58f69c0b6fa.jpg,a76cb58f69c0b6fa45601f51ad912db52b54264c77f7bc0d041cd75553351799,dataset-v3-split-v1,35af2ec244e06f37f5a71f15700d46ed15bbc5b8142c94e66020af6726d7ca42,gpiosenka/car-parts-40-classes,car parts 50,train,False,deterministic_group_aware_60_10_10_original_source_split_ignored
kaggle_5003102cfa91b697,taillight,kaggle50:taillight:kaggle_5003102cfa91b697,train,16,data/images/dataset_v3/train/taillight/taillight_train_016_5003102cfa91b697.jpg,5003102cfa91b697c5b16da43aca361211e824d7994e4d1e4307733c5bd95d67,dataset-v3-split-v1,37c7017baa3547a84def5a976fb4b81224c110fef69bbd6d89654d33480e39ad,gpiosenka/car-parts-40-classes,car parts 50,train,False,deterministic_group_aware_60_10_10_original_source_split_ignored
kaggle_a3d1cdbf4ce58bc0,taillight,kaggle50:taillight:kaggle_a3d1cdbf4ce58bc0,train,17,data/images/dataset_v3/train/taillight/taillight_train_017_a3d1cdbf4ce58bc0.jpg,a3d1cdbf4ce58bc050a1d68162438ef97fcdf52a22065d6ef580734db9995fdb,dataset-v3-split-v1,39014d5df232dacebd76d1f57d9dd550982080898bf8887f99ce3968df2db92d,gpiosenka/car-parts-40-classes,car parts 50,train,False,deterministic_group_aware_60_10_10_original_source_split_ignored
kaggle_a2eed9386b227b6e,taillight,kaggle50:taillight:kaggle_a2eed9386b227b6e,train,18,data/images/dataset_v3/train/taillight/taillight_train_018_a2eed9386b227b6e.jpg,a2eed9386b227b6e753046ea8b0e15a41abfa840c96235e39b3e6d2297343720,dataset-v3-split-v1,3b201c531759764e4fe6e38e6fef6115c6411e112fae88bb0615874751cd8702,gpiosenka/car-parts-40-classes,car parts 50,train,False,deterministic_group_aware_60_10_10_original_source_split_ignored
kaggle_7b9ce974354bceff,taillight,kaggle50:taillight:kaggle_7b9ce974354bceff,train,19,data/images/dataset_v3/train/taillight/taillight_train_019_7b9ce974354bceff.jpg,7b9ce974354bceffa69cc92f6acc609a8ebb67e040bd349cdbf73e30c4ca77b6,dataset-v3-split-v1,42a8b1d1b7e10f03bf8bbb044a4173f81b21156f0598c4038645065468f59f41,gpiosenka/car-parts-40-classes,car parts 50,train,False,deterministic_group_aware_60_10_10_original_source_split_ignored
kaggle_2381932c0ac38e30,taillight,kaggle50:taillight:kaggle_2381932c0ac38e30,train,20,data/images/dataset_v3/train/taillight/taillight_train_020_2381932c0ac38e30.jpg,2381932c0ac38e30b5e752827a344f223171cc878976fe2f00753a4d90a4c3e0,dataset-v3-split-v1,497c0018ae569e4f2b1c314bffafe7a62c4197caa598f27c58fb1827c8fdc489,gpiosenka/car-parts-40-classes,car parts 50,train,False,deterministic_group_aware_60_10_10_original_source_split_ignored
kaggle_b8a76af2d1ce9cf6,taillight,kaggle50:taillight:kaggle_b8a76af2d1ce9cf6,train,21,data/images/dataset_v3/train/taillight/taillight_train_021_b8a76af2d1ce9cf6.jpg,b8a76af2d1ce9cf64276f898f63353dad49f8a638c86ecd6ee4d969f2f8fc075,dataset-v3-split-v1,4c51f45a86ba53a47d32e3090cdcd1912f6982cf22fcb6377e0622c9be18a7b8,gpiosenka/car-parts-40-classes,car parts 50,train,False,deterministic_group_aware_60_10_10_original_source_split_ignored
kaggle_f4c70d3dc28fa9f4,taillight,kaggle50:taillight:kaggle_f4c70d3dc28fa9f4,train,22,data/images/dataset_v3/train/taillight/taillight_train_022_f4c70d3dc28fa9f4.jpg,f4c70d3dc28fa9f4a8fbaace88c9b0aac0e11bb108af77c0c1d8a55b2fd5532e,dataset-v3-split-v1,4eb33c681ccc58d1f304a1edcfd4c8bc0ab514d5ddd542eda64327a8462bd2e0,gpiosenka/car-parts-40-classes,car parts 50,train,False,deterministic_group_aware_60_10_10_original_source_split_ignored
kaggle_89c0b7581be64c61,taillight,kaggle50:taillight:kaggle_89c0b7581be64c61,train,23,data/images/dataset_v3/train/taillight/taillight_train_023_89c0b7581be64c61.jpg,89c0b7581be64c61abd728b475ad2ba742831adbc398fbdd5ff29c767d49793e,dataset-v3-split-v1,52aca2861c2c07072f807e77f32e69c064fe38947f91b7a815e66e23a11e5d26,gpiosenka/car-parts-40-classes,car parts 50,train,False,deterministic_group_aware_60_10_10_original_source_split_ignored
kaggle_ce4171c764be0e38,taillight,kaggle50:taillight:kaggle_ce4171c764be0e38,train,24,data/images/dataset_v3/train/taillight/taillight_train_024_ce4171c764be0e38.jpg,ce4171c764be0e38565bda4f72a302cdf58113621a5f5caf12a101dcfbee9778,dataset-v3-split-v1,5368e41a00fb652f497612d30fbc202f3971939eabc5d93fb1be5f83b20e45dd,gpiosenka/car-parts-40-classes,car parts 50,train,False,deterministic_group_aware_60_10_10_original_source_split_ignored
kaggle_0e058072c44ba469,taillight,kaggle50:taillight:kaggle_0e058072c44ba469,train,25,data/images/dataset_v3/train/taillight/taillight_train_025_0e058072c44ba469.jpg,0e058072c44ba46906b5e05b3d21583e550bec0b16cd533778b4cf26debde7df,dataset-v3-split-v1,537a00f6c2eb453e093b6e56590f406fff6e3d61a9b6d330c23387cf703b1067,gpiosenka/car-parts-40-classes,car parts 50,train,False,deterministic_group_aware_60_10_10_original_source_split_ignored
kaggle_e2cad23544187311,taillight,kaggle50:taillight:kaggle_e2cad23544187311,train,26,data/images/dataset_v3/train/taillight/taillight_train_026_e2cad23544187311.jpg,e2cad23544187311a18c812dfe690e4345d14ecf9de65f194abad74003f499b6,dataset-v3-split-v1,5994ae7d28837712507afcab6a65a70b5a5ee76bc0f4c7bcd877cfedc114648f,gpiosenka/car-parts-40-classes,car parts 50,train,False,deterministic_group_aware_60_10_10_original_source_split_ignored
kaggle_bb82504790f9f2a4,taillight,kaggle50:taillight:kaggle_bb82504790f9f2a4,train,27,data/images/dataset_v3/train/taillight/taillight_train_027_bb82504790f9f2a4.jpg,bb82504790f9f2a498e9dfe6aad0f81b7a5b5f505916e57567efd1b4040d5966,dataset-v3-split-v1,637ffaaa7ac4dcd608db99e6db504aff7bf93c641927a186267999a6ea6fbf05,gpiosenka/car-parts-40-classes,car parts 50,train,False,deterministic_group_aware_60_10_10_original_source_split_ignored
kaggle_18643bdbc130c65a,taillight,kaggle50:taillight:kaggle_18643bdbc130c65a,train,28,data/images/dataset_v3/train/taillight/taillight_train_028_18643bdbc130c65a.jpg,18643bdbc130c65acd7a430e11b973b99a98c231d6fc3407a63eb0977825f904,dataset-v3-split-v1,648154874236fc19f006fba34d826cc79d1245cfeda12f1d9247f97a647dbde5,gpiosenka/car-parts-40-classes,car parts 50,train,False,deterministic_group_aware_60_10_10_original_source_split_ignored
kaggle_cc42e7bcaf83ae78,taillight,kaggle50:taillight:kaggle_cc42e7bcaf83ae78,train,29,data/images/dataset_v3/train/taillight/taillight_train_029_cc42e7bcaf83ae78.jpg,cc42e7bcaf83ae787208506cd87b09e5287d19e9f8b849d4880ae37e5a38f1fe,dataset-v3-split-v1,66634a0e71ad40dcb6c7150fa4abcfaf51e822cf873d59ea33d135c39bdc5d3d,gpiosenka/car-parts-40-classes,car parts 50,train,False,deterministic_group_aware_60_10_10_original_source_split_ignored
kaggle_c6c416dd7a764ddd,taillight,kaggle50:taillight:kaggle_c6c416dd7a764ddd,train,30,data/images/dataset_v3/train/taillight/taillight_train_030_c6c416dd7a764ddd.jpg,c6c416dd7a764ddd0a4b567d0eb89d531f18eb9d05dc7b7fa696158cd4ad985c,dataset-v3-split-v1,675ce2af8084752dd830b0104f0f845cd6173194b991564aec8242750a426ffa,gpiosenka/car-parts-40-classes,car parts 50,train,False,deterministic_group_aware_60_10_10_original_source_split_ignored
kaggle_a357e4b873961ff2,taillight,kaggle50:taillight:kaggle_a357e4b873961ff2,train,31,data/images/dataset_v3/train/taillight/taillight_train_031_a357e4b873961ff2.jpg,a357e4b873961ff2a0ad28a73d3c8e27d3b803fcf5b7568a8c1174713ce74af9,dataset-v3-split-v1,7468a0d028385bff3d49e945818890acf3739ef8f244d9cb81e31ed161044a1e,gpiosenka/car-parts-40-classes,car parts 50,train,False,deterministic_group_aware_60_10_10_original_source_split_ignored
kaggle_21a50602a1607189,taillight,kaggle50:taillight:kaggle_21a50602a1607189,train,32,data/images/dataset_v3/train/taillight/taillight_train_032_21a50602a1607189.jpg,21a50602a16071891c1daa0e73e72765a53f32b5351a0216fb6fe857976dc91b,dataset-v3-split-v1,753103b1ee65e36d3e8410b02ede30f54d3186952a475296b6541c95be39c5d6,gpiosenka/car-parts-40-classes,car parts 50,train,False,deterministic_group_aware_60_10_10_original_source_split_ignored
kaggle_f048bc94f502579c,taillight,kaggle50:taillight:kaggle_f048bc94f502579c,train,33,data/images/dataset_v3/train/taillight/taillight_train_033_f048bc94f502579c.jpg,f048bc94f502579c05783843e08fb57c270a1d6afeb10fb7e5d6223f6085e5d7,dataset-v3-split-v1,772f65b3be17601f5cbebf79eae04571aaba36e8303a9b056efed50a6b8d8dac,gpiosenka/car-parts-40-classes,car parts 50,train,False,deterministic_group_aware_60_10_10_original_source_split_ignored
kaggle_61bf12d184d2ec69,taillight,kaggle50:taillight:kaggle_61bf12d184d2ec69,train,34,data/images/dataset_v3/train/taillight/taillight_train_034_61bf12d184d2ec69.jpg,61bf12d184d2ec69b8da60d778fb0320034b25cc816df29d0d306e7e1e899138,dataset-v3-split-v1,787449b3bcb5e8b508724cf8e0f864115694c3e090572beeeaa0ef84f0a22076,gpiosenka/car-parts-40-classes,car parts 50,train,False,deterministic_group_aware_60_10_10_original_source_split_ignored
kaggle_f8a406a0295ffd05,taillight,kaggle50:taillight:kaggle_f8a406a0295ffd05,train,35,data/images/dataset_v3/train/taillight/taillight_train_035_f8a406a0295ffd05.jpg,f8a406a0295ffd0539f7088092a8a405e866e3829022e9bfb2f8bde1ba62e9c5,dataset-v3-split-v1,8105fa51d557f5f6d9f735688c29c3a47a4ac15d00b19d3cb65e6c99873d01d7,gpiosenka/car-parts-40-classes,car parts 50,test,False,deterministic_group_aware_60_10_10_original_source_split_ignored
kaggle_c8a87a052491c336,taillight,kaggle50:taillight:kaggle_c8a87a052491c336,train,36,data/images/dataset_v3/train/taillight/taillight_train_036_c8a87a052491c336.jpg,c8a87a052491c336d654cd6282dfe6fda1115e2505679f89978010a72bc9b7fc,dataset-v3-split-v1,827e2c456b299badf6e1c15cc8b99e2867f922a5628e55fd10f7a7f8d114f045,gpiosenka/car-parts-40-classes,car parts 50,train,False,deterministic_group_aware_60_10_10_original_source_split_ignored
kaggle_7ba92a928853686a,taillight,kaggle50:taillight:kaggle_7ba92a928853686a,train,37,data/images/dataset_v3/train/taillight/taillight_train_037_7ba92a928853686a.jpg,7ba92a928853686a4d62f853c2ba283be2077ee16758085a5e2ca0339e63e02c,dataset-v3-split-v1,84e2cc65edf550ee4a27baf1cd1a2cfe4a48f9a69eeb603b4198a3f65fec7154,gpiosenka/car-parts-40-classes,car parts 50,train,False,deterministic_group_aware_60_10_10_original_source_split_ignored
kaggle_4949002d8a3fb021,taillight,kaggle50:taillight:kaggle_4949002d8a3fb021,train,38,data/images/dataset_v3/train/taillight/taillight_train_038_4949002d8a3fb021.jpg,4949002d8a3fb0216b99c971fc937d1bf39c4ee0898e2f9106beaf320028e4bc,dataset-v3-split-v1,85e57b1d47df4965ba2bb79231123c9d8e225d89da6ffd67778dc3e2ccbe5801,gpiosenka/car-parts-40-classes,car parts 50,train,False,deterministic_group_aware_60_10_10_original_source_split_ignored
kaggle_d6fb3578b8579dea,taillight,kaggle50:taillight:kaggle_d6fb3578b8579dea,train,39,data/images/dataset_v3/train/taillight/taillight_train_039_d6fb3578b8579dea.jpg,d6fb3578b8579deabba02a763d613a195103def099f887660bb2b7a5422580d3,dataset-v3-split-v1,88080935f36a308409c318a4a2411a9a552948fc905fec461b0a088050c9fd5a,gpiosenka/car-parts-40-classes,car parts 50,train,False,deterministic_group_aware_60_10_10_original_source_split_ignored
kaggle_49f6f0b97441377e,taillight,kaggle50:taillight:kaggle_49f6f0b97441377e,train,40,data/images/dataset_v3/train/taillight/taillight_train_040_49f6f0b97441377e.jpg,49f6f0b97441377eac9611ab43face51e70cd39818e2b3fe9f03dbefe587750b,dataset-v3-split-v1,8877f01b8d54d156fa3afb1f312c8f0ee3fbc53418ddc2c8244e36d1b5dd80da,gpiosenka/car-parts-40-classes,car parts 50,train,False,deterministic_group_aware_60_10_10_original_source_split_ignored
kaggle_17ba40c9dcf06117,taillight,kaggle50:taillight:kaggle_17ba40c9dcf06117,train,41,data/images/dataset_v3/train/taillight/taillight_train_041_17ba40c9dcf06117.jpg,17ba40c9dcf06117f20af0c3efb817d0723fe007acfe3ad87fb7d57e3d67ee3e,dataset-v3-split-v1,8d205406697a7614fc011051d2d8e8e8e326136a447766168543e0b1c0395c16,gpiosenka/car-parts-40-classes,car parts 50,test,False,deterministic_group_aware_60_10_10_original_source_split_ignored
kaggle_ad9d884839a70f28,taillight,kaggle50:taillight:kaggle_ad9d884839a70f28,train,42,data/images/dataset_v3/train/taillight/taillight_train_042_ad9d884839a70f28.jpg,ad9d884839a70f28dc3f7212ece764a46752408adeb1b74de555ae0481b2e8a0,dataset-v3-split-v1,910ebcb252aee0eece7bd04cf215667366d1144667c80220f6a70d61dbd516f6,gpiosenka/car-parts-40-classes,car parts 50,train,False,deterministic_group_aware_60_10_10_original_source_split_ignored
kaggle_fdde0fd48c259e3b,taillight,kaggle50:taillight:kaggle_fdde0fd48c259e3b,train,43,data/images/dataset_v3/train/taillight/taillight_train_043_fdde0fd48c259e3b.jpg,fdde0fd48c259e3b82aea10206ba172d776fa2ea76bfa458b031e40b3b52584c,dataset-v3-split-v1,94f405d0b691a11f8406d6d24d89acad1383978b8f339785e9adda88ecfd835b,gpiosenka/car-parts-40-classes,car parts 50,train,False,deterministic_group_aware_60_10_10_original_source_split_ignored
kaggle_966ef46b3238e4c5,taillight,kaggle50:taillight:kaggle_966ef46b3238e4c5,train,44,data/images/dataset_v3/train/taillight/taillight_train_044_966ef46b3238e4c5.jpg,966ef46b3238e4c5a2169cb8307366d1ed3d937d3b536b2793c4ed3dd8a1a922,dataset-v3-split-v1,952e2c587863aa8d328cb8b3ef498b2841a2a975afcd31e1aa8c4f84a1c3b09b,gpiosenka/car-parts-40-classes,car parts 50,train,False,deterministic_group_aware_60_10_10_original_source_split_ignored
kaggle_88c58ce25e33abaa,taillight,kaggle50:taillight:kaggle_88c58ce25e33abaa,train,45,data/images/dataset_v3/train/taillight/taillight_train_045_88c58ce25e33abaa.jpg,88c58ce25e33abaad08db0eab4aea55486e1468af7f8b361bfb9168997e44894,dataset-v3-split-v1,9d4ea286a991fb6c3d837445018eea03bf3143b7e503d6e2e0449e9633cdc50d,gpiosenka/car-parts-40-classes,car parts 50,train,False,deterministic_group_aware_60_10_10_original_source_split_ignored
kaggle_482f8d1b0a66d306,taillight,kaggle50:taillight:kaggle_482f8d1b0a66d306,train,46,data/images/dataset_v3/train/taillight/taillight_train_046_482f8d1b0a66d306.jpg,482f8d1b0a66d306e9a60756ceeedfc052fbfba9f705efc6a3399afea78f46ba,dataset-v3-split-v1,a48e9884e136c3bba05230f61dcaf5d794afb79ec1c073053bdbdc4e9c940197,gpiosenka/car-parts-40-classes,car parts 50,train,False,deterministic_group_aware_60_10_10_original_source_split_ignored
kaggle_5973e7b00194647d,taillight,kaggle50:taillight:kaggle_5973e7b00194647d,train,47,data/images/dataset_v3/train/taillight/taillight_train_047_5973e7b00194647d.jpg,5973e7b00194647dce0d9a4254491623d46cebba6e30b1cadfe31230135b8276,dataset-v3-split-v1,a6c3b369365d7772b19a9222ed7495ddede7acebf6b15a991383a37e9ff93578,gpiosenka/car-parts-40-classes,car parts 50,train,False,deterministic_group_aware_60_10_10_original_source_split_ignored
kaggle_b8996378a36f675b,taillight,kaggle50:taillight:kaggle_b8996378a36f675b,train,48,data/images/dataset_v3/train/taillight/taillight_train_048_b8996378a36f675b.jpg,b8996378a36f675b3fb4dad501d70ed83a347e9365aa6ac14b5de27ccab37fe5,dataset-v3-split-v1,a8377db116dde53e5746bc5fc16680cc3fe5c7460b09bf42fb10e38e76ae52d2,gpiosenka/car-parts-40-classes,car parts 50,train,False,deterministic_group_aware_60_10_10_original_source_split_ignored
kaggle_1c065add50c68ab5,taillight,kaggle50:taillight:kaggle_1c065add50c68ab5,train,49,data/images/dataset_v3/train/taillight/taillight_train_049_1c065add50c68ab5.jpg,1c065add50c68ab536f5228cc24a72bd6591011e19ce44410f1b53b9c9d8970f,dataset-v3-split-v1,aae2f0cf983c4f13b283666336f8475d535902b23c72a37c71b7ff2e1a479ff6,gpiosenka/car-parts-40-classes,car parts 50,train,False,deterministic_group_aware_60_10_10_original_source_split_ignored
kaggle_703015bf614943ff,taillight,kaggle50:taillight:kaggle_703015bf614943ff,train,50,data/images/dataset_v3/train/taillight/taillight_train_050_703015bf614943ff.jpg,703015bf614943ffe28c5e2b52ea62f90f0b59f8b072097fbd7d2700eeafce1c,dataset-v3-split-v1,ab9a2359bb41eaa474bf38d664d33789aa3af1bb5e33a416d9b68394967e9667,gpiosenka/car-parts-40-classes,car parts 50,train,False,deterministic_group_aware_60_10_10_original_source_split_ignored
kaggle_0a77ee844b669f43,taillight,kaggle50:taillight:kaggle_0a77ee844b669f43,train,51,data/images/dataset_v3/train/taillight/taillight_train_051_0a77ee844b669f43.jpg,0a77ee844b669f43835ffee812de0907adb5a25e638b0085ef87d3d5a3caf3cc,dataset-v3-split-v1,ad3fc749449630f3ac748ba7c0491b4b4edae586adc2a0eb3d7d21dec754b8a0,gpiosenka/car-parts-40-classes,car parts 50,train,False,deterministic_group_aware_60_10_10_original_source_split_ignored
kaggle_ae4eda23ca4a0ecc,taillight,kaggle50:taillight:kaggle_ae4eda23ca4a0ecc,train,52,data/images/dataset_v3/train/taillight/taillight_train_052_ae4eda23ca4a0ecc.jpg,ae4eda23ca4a0ecc83fab96e8055488006fd83f62573a71617a047baffbac51e,dataset-v3-split-v1,ad90a185d6acd90a38fc53d63a5dff2ed85f7d1d7b562a879bc0378b237d1c16,gpiosenka/car-parts-40-classes,car parts 50,train,False,deterministic_group_aware_60_10_10_original_source_split_ignored
kaggle_8ef8c3803874cc57,taillight,kaggle50:taillight:kaggle_8ef8c3803874cc57,train,53,data/images/dataset_v3/train/taillight/taillight_train_053_8ef8c3803874cc57.jpg,8ef8c3803874cc573e0cb242f78f6f955c50babac80676d80b82b9001f7d4057,dataset-v3-split-v1,b1fd03b553f8df9e941927d1b9621e25f73b58a573129343aab34650fbb93453,gpiosenka/car-parts-40-classes,car parts 50,train,False,deterministic_group_aware_60_10_10_original_source_split_ignored
kaggle_7c42445fe78e3259,taillight,kaggle50:taillight:kaggle_7c42445fe78e3259,train,54,data/images/dataset_v3/train/taillight/taillight_train_054_7c42445fe78e3259.jpg,7c42445fe78e3259e79b47e82872291e62d31c6531a46b38169ed7d43bc8ab51,dataset-v3-split-v1,b42063e23cf767f75162f9d07d8775587709be2fd5866ac0b90faa8d15348d3c,gpiosenka/car-parts-40-classes,car parts 50,train,False,deterministic_group_aware_60_10_10_original_source_split_ignored
kaggle_16dc2e20ff472e36,taillight,kaggle50:taillight:kaggle_16dc2e20ff472e36,train,55,data/images/dataset_v3/train/taillight/taillight_train_055_16dc2e20ff472e36.jpg,16dc2e20ff472e36fea6d1f84dab69cd0b13cbc41c0a91ef25ec930dee0a965d,dataset-v3-split-v1,b55abbc0d3007b2f8251c59265d2306c34bd551a1d9e0df91554f15288583200,gpiosenka/car-parts-40-classes,car parts 50,train,False,deterministic_group_aware_60_10_10_original_source_split_ignored
kaggle_9e45550ca2e1c25b,taillight,kaggle50:taillight:kaggle_9e45550ca2e1c25b,train,56,data/images/dataset_v3/train/taillight/taillight_train_056_9e45550ca2e1c25b.jpg,9e45550ca2e1c25bd204e064e43662773c034ea7838de86b8f6edd4aa0425c5a,dataset-v3-split-v1,b58facaf77cfb04ae8b8c02f7cecf6c38a812a2fc4eaa8570b861cfb9f898f83,gpiosenka/car-parts-40-classes,car parts 50,train,False,deterministic_group_aware_60_10_10_original_source_split_ignored
kaggle_d2eb7a3b18eb62d5,taillight,kaggle50:taillight:kaggle_d2eb7a3b18eb62d5,train,57,data/images/dataset_v3/train/taillight/taillight_train_057_d2eb7a3b18eb62d5.jpg,d2eb7a3b18eb62d5d09d8a1c8fb0c9175e110419309161ea8901df28a4c0f2ed,dataset-v3-split-v1,b6e3100c881498c1d41a5e130f7cf9f39990eca792713397e457dca24132ee80,gpiosenka/car-parts-40-classes,car parts 50,validation,False,deterministic_group_aware_60_10_10_original_source_split_ignored
kaggle_948687ef70e0ce08,taillight,kaggle50:taillight:kaggle_948687ef70e0ce08,train,58,data/images/dataset_v3/train/taillight/taillight_train_058_948687ef70e0ce08.jpg,948687ef70e0ce0803e7b6ee4da05c6d64a1ea1a82067ac7195f1b40fbc7bd1c,dataset-v3-split-v1,b8cc4199e24331dd01e97c02b8f87a13de41b7940e8962ef9845a5532fb12d59,gpiosenka/car-parts-40-classes,car parts 50,train,False,deterministic_group_aware_60_10_10_original_source_split_ignored
kaggle_c8df38e451ae4b61,taillight,kaggle50:taillight:kaggle_c8df38e451ae4b61,train,59,data/images/dataset_v3/train/taillight/taillight_train_059_c8df38e451ae4b61.jpg,c8df38e451ae4b6137bb116c45b132f2a10003f2aa97bca7593c9059800a92e1,dataset-v3-split-v1,b99c7be19a3fa6ac70b26b4b4e987dce14438d92f6c6bb3a014eaf8d42eefcc0,gpiosenka/car-parts-40-classes,car parts 50,train,False,deterministic_group_aware_60_10_10_original_source_split_ignored
kaggle_c7b54a817ad60fe1,taillight,kaggle50:taillight:kaggle_c7b54a817ad60fe1,train,60,data/images/dataset_v3/train/taillight/taillight_train_060_c7b54a817ad60fe1.jpg,c7b54a817ad60fe1a5b53a65c5b384fd33f5636058a94f7687c5a330c6ffbd12,dataset-v3-split-v1,c16482cffec29757608116bcde276984dbdfaadf8c8eff131aa9d8a35e499f02,gpiosenka/car-parts-40-classes,car parts 50,train,False,deterministic_group_aware_60_10_10_original_source_split_ignored
