experiment_id,run_id,variant,status,optimizer,learning_rate,schedule,seed,image_size,sequence_length,grayscale,parameter_count,epochs_completed,best_epoch,training_time_seconds,validation_accuracy,validation_macro_f1,final_train_accuracy,final_train_loss,final_validation_loss,generalization_gap,notes
FND-008,fnd008_01_baseline,baseline,COMPLETED,Adam,0.001,,42,24,12,False,88619,13,9,1.7580759999982547,0.3333333333333333,0.16666666666666666,0.3499999940395355,1.0976390838623047,1.0985426902770996,0.016666660706202208,
FND-008,fnd008_02_l2_regularization,l2_regularization,COMPLETED,Adam,0.001,,42,24,12,False,88619,24,24,2.674867199995788,0.3333333333333333,0.16666666666666666,0.3333333432674408,1.1116023063659668,1.1104563474655151,9.934107481068821e-09,
FND-008,fnd008_03_dropout_regularization,dropout_regularization,COMPLETED,Adam,0.001,,42,24,12,False,88619,12,8,1.6005311999906553,0.3333333333333333,0.16666666666666666,0.3333333432674408,1.1020867824554443,1.098797082901001,9.934107481068821e-09,
FND-008,fnd008_04_batch_normalization,batch_normalization,COMPLETED,Adam,0.001,,42,24,12,False,89027,5,1,1.3966022999957204,0.3333333333333333,0.1934876717485413,0.2944444417953491,1.4339498281478882,1.2841302156448364,-0.038888891537984194,
FND-008,fnd008_05_residual_fusion,residual_fusion,COMPLETED,Adam,0.001,,42,24,12,False,92779,10,6,1.617565000007744,0.3333333333333333,0.16666666666666666,0.3333333432674408,1.099389672279358,1.099177598953247,9.934107481068821e-09,
FND-008,fnd008_06_learning_rate_schedule,learning_rate_schedule,COMPLETED,Adam,0.003,exponential_decay,42,24,12,False,88619,10,6,1.4761536000005435,0.3333333333333333,0.16666666666666666,0.3611111044883728,1.099095106124878,1.098805546760559,0.027777771155039488,
FND-008,fnd008_07_cnn_image_branch,cnn_image_branch,COMPLETED,Adam,0.001,,42,24,12,False,12299,6,2,1.4770232000009855,0.31666666666666665,0.20502645502645503,0.3055555522441864,1.098723292350769,1.09869384765625,-0.01111111442248025,
FND-008,fnd008_08_pretrained_mobilenet_v2,pretrained_mobilenet_v2,COMPLETED,Adam,0.001,,42,96,12,False,2325099,7,4,5.539005799990264,0.3333333333333333,0.33027135466159857,0.3055555522441864,1.1515225172042847,1.105750322341919,-0.027777781089146913,Frozen ImageNet MobileNetV2 feature extractor.
