experiment_id,run_id,variant,status,optimizer,learning_rate,schedule,seed,image_size,sequence_length,grayscale,parameter_count,epochs_completed,best_epoch,training_time_seconds,validation_accuracy,validation_macro_f1,final_train_accuracy,final_train_loss,final_validation_loss,generalization_gap,notes
FND-007,fnd007_small,small,COMPLETED,Adam,0.0003,,42,24,12,False,43015,11,6,2.1715888000035193,0.3333333333333333,0.28997841504779526,0.3055555522441864,1.1057045459747314,1.0995514392852783,-0.027777781089146913,
FND-007,fnd007_medium,medium,COMPLETED,Adam,0.0003,,42,24,12,False,88619,17,12,3.0087981000106083,0.3333333333333333,0.30582750582750584,0.3777777850627899,1.0935161113739014,1.0988194942474365,0.0444444517294566,
FND-007,fnd007_large,large,COMPLETED,Adam,0.0003,,42,24,12,False,194163,14,9,2.7402628999989247,0.3333333333333333,0.2548137695857953,0.31111112236976624,1.109756350517273,1.0989940166473389,-0.02222221096356708,
