epoch,optimizer_step,learning_rate,accuracy,loss
0,0,0.003,0.3333333333333333,1.113858440102965
1,1,0.003,0.3333333333333333,5.90406044813031
5,5,0.003,0.3333333333333333,1.2440260847726639
10,10,0.003,0.3333333333333333,1.106009861830887
15,15,0.003,0.3333333333333333,1.0155179730709112
20,20,0.003,1.0,0.801538085791735
25,25,0.003,1.0,0.39798083004023327
30,30,0.003,1.0,0.06059395734189462
