experiment_id,run_id,variant,status,optimizer,learning_rate,schedule,seed,image_size,sequence_length,grayscale,parameter_count,epochs_completed,best_epoch,training_time_seconds,validation_accuracy,validation_macro_f1,final_train_accuracy,final_train_loss,final_validation_loss,generalization_gap,notes
FND-009,fnd009_01_compact_16_seq8,compact_16_seq8,COMPLETED,Adam,0.0003,,42,16,8,False,42539,12,8,1.6331848999980139,0.3333333333333333,0.27409372236958446,0.3222222328186035,1.108132243156433,1.09916353225708,-0.0111111005147298,
FND-009,fnd009_02_baseline_24_seq12,baseline_24_seq12,COMPLETED,Adam,0.0003,,42,24,12,False,88619,7,3,1.272715099999914,0.36666666666666664,0.2915816673466612,0.3222222328186035,1.1269010305404663,1.0996042490005493,-0.044444433848063125,
FND-009,fnd009_03_larger_32_seq20,larger_32_seq20,COMPLETED,Adam,0.0003,,42,32,20,False,153131,7,3,1.3217710000026273,0.3333333333333333,0.30346796936764725,0.2888889014720917,1.138389229774475,1.1008892059326172,-0.04444443186124164,
FND-009,fnd009_04_grayscale_24_seq12,grayscale_24_seq12,COMPLETED,Adam,0.0003,,42,24,12,True,33323,8,4,1.3279732999944827,0.3333333333333333,0.31259345501033,0.32777777314186096,1.1057628393173218,1.1007492542266846,-0.005555560191472353,
