{
  "status": "PASS",
  "label_order": [
    "MATCH",
    "PARTIAL_MATCH",
    "MISMATCH"
  ],
  "models": {
    "embedding_average": {
      "run_id": "embedding_average-seed-42",
      "classes": {
        "MATCH": {
          "auc": 0.55125,
          "false_positive_rate": [
            0.0,
            0.05,
            0.1,
            0.175,
            0.2,
            0.275,
            0.3,
            0.4,
            0.65,
            0.675,
            0.8,
            0.875,
            1.0
          ],
          "true_positive_rate": [
            0.0,
            0.05,
            0.1,
            0.2,
            0.25,
            0.35,
            0.4,
            0.5,
            0.7,
            0.75,
            0.85,
            0.9,
            1.0
          ],
          "thresholds": [
            Infinity,
            0.33196523785591125,
            0.33191248774528503,
            0.3318580090999603,
            0.3317398428916931,
            0.33135175704956055,
            0.33133527636528015,
            0.33097946643829346,
            0.3307657241821289,
            0.3304891288280487,
            0.33041855692863464,
            0.3302851915359497,
            0.33017221093177795
          ]
        },
        "PARTIAL_MATCH": {
          "auc": 0.50625,
          "false_positive_rate": [
            0.0,
            0.05,
            0.1,
            0.225,
            0.275,
            0.35,
            0.475,
            0.5,
            0.6,
            0.675,
            0.75,
            0.85,
            0.875,
            1.0
          ],
          "true_positive_rate": [
            0.0,
            0.05,
            0.1,
            0.2,
            0.3,
            0.4,
            0.5,
            0.5,
            0.6,
            0.65,
            0.75,
            0.85,
            0.9,
            1.0
          ],
          "thresholds": [
            Infinity,
            0.3355327248573303,
            0.33532795310020447,
            0.3351115584373474,
            0.33485573530197144,
            0.33483925461769104,
            0.3347354829311371,
            0.33462315797805786,
            0.3346231281757355,
            0.33461683988571167,
            0.3344186544418335,
            0.334029883146286,
            0.3340216875076294,
            0.33346322178840637
          ]
        },
        "MISMATCH": {
          "auc": 0.589375,
          "false_positive_rate": [
            0.0,
            0.1,
            0.15,
            0.2,
            0.225,
            0.3,
            0.35,
            0.55,
            0.6,
            0.75,
            0.85,
            0.9,
            0.95,
            1.0
          ],
          "true_positive_rate": [
            0.0,
            0.15,
            0.15,
            0.25,
            0.25,
            0.4,
            0.45,
            0.75,
            0.8,
            0.85,
            0.9,
            0.95,
            0.95,
            1.0
          ],
          "thresholds": [
            Infinity,
            0.3355659246444702,
            0.3354892432689667,
            0.3350979685783386,
            0.33495834469795227,
            0.3349583148956299,
            0.3347793221473694,
            0.3344987630844116,
            0.33397915959358215,
            0.3338090181350708,
            0.3337233066558838,
            0.33369264006614685,
            0.3332889676094055,
            0.33255475759506226
          ]
        }
      },
      "macro_auc": 0.5489583333333333
    },
    "gru": {
      "run_id": "gru-seed-42",
      "classes": {
        "MATCH": {
          "auc": 0.47125,
          "false_positive_rate": [
            0.0,
            0.075,
            0.2,
            0.275,
            0.4,
            0.475,
            0.725,
            0.825,
            0.9,
            1.0
          ],
          "true_positive_rate": [
            0.0,
            0.1,
            0.2,
            0.25,
            0.35,
            0.45,
            0.65,
            0.75,
            0.9,
            1.0
          ],
          "thresholds": [
            Infinity,
            0.33385756611824036,
            0.3338125944137573,
            0.33380934596061707,
            0.3338084816932678,
            0.3337981104850769,
            0.33377957344055176,
            0.33377763628959656,
            0.33376049995422363,
            0.333709180355072
          ]
        },
        "PARTIAL_MATCH": {
          "auc": 0.52625,
          "false_positive_rate": [
            0.0,
            0.05,
            0.1,
            0.225,
            0.325,
            0.45,
            0.475,
            0.55,
            0.675,
            0.75,
            0.875,
            0.95,
            1.0
          ],
          "true_positive_rate": [
            0.0,
            0.05,
            0.15,
            0.25,
            0.35,
            0.45,
            0.5,
            0.6,
            0.7,
            0.8,
            0.9,
            0.95,
            1.0
          ],
          "thresholds": [
            Infinity,
            0.33376067876815796,
            0.3336028456687927,
            0.3335268795490265,
            0.3334978222846985,
            0.3334924280643463,
            0.33348625898361206,
            0.33347851037979126,
            0.3334735929965973,
            0.3334498405456543,
            0.3334369659423828,
            0.33340901136398315,
            0.3333800137042999
          ]
        },
        "MISMATCH": {
          "auc": 0.5700000000000001,
          "false_positive_rate": [
            0.0,
            0.05,
            0.1,
            0.15,
            0.25,
            0.3,
            0.4,
            0.5,
            0.55,
            0.75,
            0.85,
            0.95,
            1.0
          ],
          "true_positive_rate": [
            0.0,
            0.05,
            0.15,
            0.2,
            0.35,
            0.35,
            0.5,
            0.55,
            0.6,
            0.9,
            0.95,
            0.95,
            1.0
          ],
          "thresholds": [
            Infinity,
            0.3328423500061035,
            0.33278167247772217,
            0.3327777087688446,
            0.33275455236434937,
            0.33273738622665405,
            0.3327353000640869,
            0.3327234387397766,
            0.3327091336250305,
            0.33269354701042175,
            0.33269262313842773,
            0.3326169550418854,
            0.33253014087677
          ]
        }
      },
      "macro_auc": 0.5225000000000001
    },
    "lstm": {
      "run_id": "lstm-seed-42",
      "classes": {
        "MATCH": {
          "auc": 0.51875,
          "false_positive_rate": [
            0.0,
            0.025,
            0.1,
            0.15,
            0.4,
            0.425,
            0.55,
            0.575,
            0.625,
            0.75,
            0.8,
            0.875,
            0.95,
            1.0
          ],
          "true_positive_rate": [
            0.0,
            0.05,
            0.15,
            0.2,
            0.4,
            0.45,
            0.55,
            0.6,
            0.65,
            0.75,
            0.8,
            0.9,
            0.95,
            1.0
          ],
          "thresholds": [
            Infinity,
            0.33098387718200684,
            0.3309049606323242,
            0.3308184742927551,
            0.33068010210990906,
            0.33066919445991516,
            0.33063986897468567,
            0.33054324984550476,
            0.3305331766605377,
            0.3304827809333801,
            0.3303755223751068,
            0.33032670617103577,
            0.3303057551383972,
            0.3300687372684479
          ]
        },
        "PARTIAL_MATCH": {
          "auc": 0.5237499999999999,